"Survey","Item.ID","Item.Type","Parent","NA","Question.ID","Question.Text","Question.Type","Conditional.Child.Item.ID","Conditional.Fail.Item.ID","Conditional.Threshold","Conditional.Type","Conditional.Master.Item.ID","QID","Question.Type.Display.Name","Result.Type","Multiple.Question.Type"
"Morning Survey ID 313","Item 5021","Block","Morning Survey ID 313",NA,NA,NA,NA,NA,NA,NA,NA,NA,NA,NA,NA,NA
"Morning Survey ID 313","Item 5016","Question","Item 5021",NA,"Question 4739","The next few questions will ask about your sleep last night.",6,NA,NA,NA,NA,NA,"Q_4739","Informational Fullscreen",NA,FALSE
"Morning Survey ID 313","Item 5020","Question","Item 5021",NA,"Question 4740","What time did you wake up this morning?",1,NA,NA,NA,NA,NA,"Q_4740","Time Picker","integer",FALSE
"Morning Survey ID 313","Item 5019","Question","Item 5021",NA,"Question 4741","What time did you go to sleep last night?",1,NA,NA,NA,NA,NA,"Q_4741","Time Picker","integer",FALSE
"Morning Survey ID 313","Item 5018","Question","Item 5021",NA,"Question 5168","How refreshed did you feel when you woke up this morning?",3,NA,NA,NA,NA,NA,"Q_5168","Slider","numeric",FALSE
"Morning Survey ID 313","Item 5017","Question","Item 5021",NA,"Question 5169","How would you rate the quality of your sleep?",3,NA,NA,NA,NA,NA,"Q_5169","Slider","numeric",FALSE
"Morning Survey ID 313","Item 5047","Question","Item 5021",NA,"Question 5262","Did you fall overnight? A fall is defined as a slip or trip where you lost your balance and landed on the floor or ground or lower level.",0,"5048","5049","1","1",NA,"Q_5262","Multiple Choice","integer",FALSE
"Morning Survey ID 313","Item 5048","Block","Item 5021",NA,NA,NA,NA,NA,NA,NA,NA,NA,NA,NA,NA,NA
"Morning Survey ID 313","Item 5049","Question","Item 5021",NA,"Question 4832","End Block",21,NA,NA,NA,NA,"5047","Q_4832","End Block",NA,FALSE
"Morning Survey ID 313","Item 5045","Question","Item 5048",NA,"Question 4828","We would like you to report on the nature of the fall. If you have multiple incidents to report you can add more later.",6,NA,NA,NA,NA,NA,"Q_4828","Informational Fullscreen",NA,FALSE
"Morning Survey ID 313","Item 5043","Question","Item 5048",NA,"Question 4829","What time did the fall occur?",1,NA,NA,NA,NA,NA,"Q_4829","Time Picker","integer",FALSE
"Morning Survey ID 313","Item 5044","Question","Item 5048",NA,"Question 4830","Were you distracted or doing two things at once when you fell?",0,NA,NA,NA,NA,NA,"Q_4830","Multiple Choice","integer",FALSE
"Morning Survey ID 313","Item 7218","Question","Item 5048",NA,"Question 7586","Did your fall result in injury?",0,"7219","5046","1","1",NA,"Q_7586","Multiple Choice","integer",FALSE
"Morning Survey ID 313","Item 7219","Question","Item 5048",NA,"Question 7587","Please select the nature of the injury (select all that apply):",7,NA,NA,NA,NA,"7218","Q_7587","Multiple Select","integer",TRUE
"Morning Survey ID 313","Item 5046","Question","Item 5048",NA,"Question 4831","Do you have any other incidents to report?",0,NA,NA,NA,NA,"7218","Q_4831","Multiple Choice","integer",FALSE
"Morning Survey ID 313","Item 5013","Block","Morning Survey ID 313",NA,NA,NA,NA,NA,NA,NA,NA,NA,NA,NA,NA,NA
"Morning Survey ID 313","Item 4985","Question","Item 5013",NA,"Question 4744","Where are you?",0,NA,NA,NA,NA,NA,"Q_4744","Multiple Choice","integer",FALSE
"Morning Survey ID 313","Item 4970","Question","Item 5013",NA,"Question 4718","These next few questions will ask you about how you feel <b>RIGHT NOW</b>.",6,NA,NA,NA,NA,NA,"Q_4718","Informational Fullscreen",NA,FALSE
"Morning Survey ID 313","Item 5011","Question","Item 5013",NA,"Question 5170","<b>RIGHT NOW</b>...<br>How much <b>PHYSICAL</b> fatigue do you have?",3,NA,NA,NA,NA,NA,"Q_5170","Slider","numeric",FALSE
"Morning Survey ID 313","Item 5010","Question","Item 5013",NA,"Question 5171","<b>RIGHT NOW</b>...<br>How much <b>MENTAL</b> fatigue do you have?",3,NA,NA,NA,NA,NA,"Q_5171","Slider","numeric",FALSE
"Morning Survey ID 313","Item 4974","Question","Item 5013",NA,"Question 5172","<b>RIGHT NOW</b>...<br>How much pain do you have?",3,NA,NA,NA,NA,NA,"Q_5172","Slider","numeric",FALSE
"Morning Survey ID 313","Item 4973","Question","Item 5013",NA,"Question 5173","<b>RIGHT NOW</b>...<br>How would you rate your ability to remember?",3,NA,NA,NA,NA,NA,"Q_5173","Slider","numeric",FALSE
"Morning Survey ID 313","Item 4972","Question","Item 5013",NA,"Question 5174","<b>RIGHT NOW</b>...<br>How foggy is your thinking?",3,NA,NA,NA,NA,NA,"Q_5174","Slider","numeric",FALSE
"Morning Survey ID 313","Item 4971","Question","Item 5013",NA,"Question 5175","<b>RIGHT NOW</b>...<br>How slow is your thinking?",3,NA,NA,NA,NA,NA,"Q_5175","Slider","numeric",FALSE
"Morning Survey ID 313","Item 4978","Question","Item 5013",NA,"Question 4726","<b>RIGHT NOW</b>, I feel sad.",0,NA,NA,NA,NA,NA,"Q_4726","Multiple Choice","integer",FALSE
"Morning Survey ID 313","Item 4979","Question","Item 5013",NA,"Question 4727","<b>RIGHT NOW</b>, I feel hopeless.",0,NA,NA,NA,NA,NA,"Q_4727","Multiple Choice","integer",FALSE
"Morning Survey ID 313","Item 4980","Question","Item 5013",NA,"Question 4728","<b>RIGHT NOW</b>, I feel discouraged.",0,NA,NA,NA,NA,NA,"Q_4728","Multiple Choice","integer",FALSE
"Morning Survey ID 313","Item 4977","Question","Item 5013",NA,"Question 5176","How would you rate your current amount of stress?",3,NA,NA,NA,NA,NA,"Q_5176","Slider","numeric",FALSE
"Morning Survey ID 313","Item 5028","Question","Item 5013",NA,"Question 4932","Since the last assessment, did you consume (check all that apply):",7,NA,NA,NA,NA,NA,"Q_4932","Multiple Select","integer",TRUE
"Morning Survey ID 313","Item 5069","Block","Morning Survey ID 313",NA,NA,NA,NA,NA,NA,NA,NA,NA,NA,NA,NA,NA
"Morning Survey ID 313","Item 5068","Question","Item 5069",NA,"Question 4868","Thank you for answering your survey questions! Now it is time to play some brain games!",6,NA,NA,NA,NA,NA,"Q_4868","Informational Fullscreen",NA,FALSE
"Morning Survey ID 313","Item 5146","Question","Item 5069",NA,"Question 4960","Get ready for the next brain game. Tap the arrow button to continue.",27,NA,NA,NA,NA,NA,"Q_4960","Cognitive Test","other",FALSE
"Morning Survey ID 313","Item 5145","Question","Item 5069",NA,"Question 4961","Thank you for completing the brain games! Tap the arrow button to continue.",27,NA,NA,NA,NA,NA,"Q_4961","Cognitive Test","other",FALSE
"Morning Survey ID 313","Item 5012","Block","Morning Survey ID 313",NA,NA,NA,NA,NA,NA,NA,NA,NA,NA,NA,NA,NA
"Morning Survey ID 313","Item 4986","Question","Item 5012",NA,"Question 4731","During the brain games, were you distracted by anything in your environment?",0,"5027","4988","2","1",NA,"Q_4731","Multiple Choice","integer",FALSE
"Morning Survey ID 313","Item 5027","Question","Item 5012",NA,"Question 4797","Please check all applicable distractions.",7,NA,NA,NA,NA,"4986","Q_4797","Multiple Select","integer",TRUE
"Morning Survey ID 313","Item 4988","Question","Item 5012",NA,"Question 4733","Thank you for completing your survey and brain games!",6,NA,NA,NA,NA,"4986","Q_4733","Informational Fullscreen",NA,FALSE
"Beeped Survey 1 ID 314","Item 5029","Block","Beeped Survey 1 ID 314",NA,NA,NA,NA,NA,NA,NA,NA,NA,NA,NA,NA,NA
"Beeped Survey 1 ID 314","Item 4985","Question","Item 5029",NA,"Question 4745","Where are you?",0,NA,NA,NA,NA,NA,"Q_4745","Multiple Choice","integer",FALSE
"Beeped Survey 1 ID 314","Item 4970","Question","Item 5029",NA,"Question 4746","These next few questions will ask you about how you feel <b>RIGHT NOW</b>.",6,NA,NA,NA,NA,NA,"Q_4746","Informational Fullscreen",NA,FALSE
"Beeped Survey 1 ID 314","Item 5011","Question","Item 5029",NA,"Question 5177","<b>RIGHT NOW</b>...<br>How much <b>PHYSICAL</b> fatigue do you have?",3,NA,NA,NA,NA,NA,"Q_5177","Slider","numeric",FALSE
"Beeped Survey 1 ID 314","Item 5010","Question","Item 5029",NA,"Question 5178","<b>RIGHT NOW</b>...<br>How much <b>MENTAL</b> fatigue do you have?",3,NA,NA,NA,NA,NA,"Q_5178","Slider","numeric",FALSE
"Beeped Survey 1 ID 314","Item 4974","Question","Item 5029",NA,"Question 5179","<b>RIGHT NOW</b>...<br>How much pain do you have?",3,NA,NA,NA,NA,NA,"Q_5179","Slider","numeric",FALSE
"Beeped Survey 1 ID 314","Item 4973","Question","Item 5029",NA,"Question 5180","<b>RIGHT NOW</b>...<br>How would you rate your ability to remember?",3,NA,NA,NA,NA,NA,"Q_5180","Slider","numeric",FALSE
"Beeped Survey 1 ID 314","Item 4972","Question","Item 5029",NA,"Question 5181","<b>RIGHT NOW</b>...<br>How foggy is your thinking?",3,NA,NA,NA,NA,NA,"Q_5181","Slider","numeric",FALSE
"Beeped Survey 1 ID 314","Item 4971","Question","Item 5029",NA,"Question 5182","<b>RIGHT NOW</b>...<br>How slow is your thinking?",3,NA,NA,NA,NA,NA,"Q_5182","Slider","numeric",FALSE
"Beeped Survey 1 ID 314","Item 4978","Question","Item 5029",NA,"Question 4753","<b>RIGHT NOW</b>, I feel sad.",0,NA,NA,NA,NA,NA,"Q_4753","Multiple Choice","integer",FALSE
"Beeped Survey 1 ID 314","Item 4979","Question","Item 5029",NA,"Question 4754","<b>RIGHT NOW</b>, I feel hopeless.",0,NA,NA,NA,NA,NA,"Q_4754","Multiple Choice","integer",FALSE
"Beeped Survey 1 ID 314","Item 4980","Question","Item 5029",NA,"Question 4755","<b>RIGHT NOW</b>, I feel discouraged.",0,NA,NA,NA,NA,NA,"Q_4755","Multiple Choice","integer",FALSE
"Beeped Survey 1 ID 314","Item 4977","Question","Item 5029",NA,"Question 5183","How would you rate your current amount of stress?",3,NA,NA,NA,NA,NA,"Q_5183","Slider","numeric",FALSE
"Beeped Survey 1 ID 314","Item 5028","Question","Item 5029",NA,"Question 4935","Since the last assessment, did you consume (check all that apply):",7,NA,NA,NA,NA,NA,"Q_4935","Multiple Select","integer",TRUE
"Beeped Survey 1 ID 314","Item 5031","Block","Beeped Survey 1 ID 314",NA,NA,NA,NA,NA,NA,NA,NA,NA,NA,NA,NA,NA
"Beeped Survey 1 ID 314","Item 5025","Question","Item 5031",NA,"Question 4758","These next set of questions refer to your time <b>SINCE YOUR LAST SURVEY</b>.",6,NA,NA,NA,NA,NA,"Q_4758","Informational Fullscreen",NA,FALSE
"Beeped Survey 1 ID 314","Item 5003","Question","Item 5031",NA,"Question 4759","<b>SINCE YOUR LAST SURVEY</b>, did you:<br><br>Take rest breaks during activities?",0,NA,NA,NA,NA,NA,"Q_4759","Multiple Choice","integer",FALSE
"Beeped Survey 1 ID 314","Item 5005","Question","Item 5031",NA,"Question 4760","<b>SINCE YOUR LAST SURVEY</b>, did you:<br><br>Break up activity into manageable pieces?",0,NA,NA,NA,NA,NA,"Q_4760","Multiple Choice","integer",FALSE
"Beeped Survey 1 ID 314","Item 5004","Question","Item 5031",NA,"Question 4761","<b>SINCE YOUR LAST SURVEY</b>, did you:<br><br>Go slower and spread out activity over time?",0,NA,NA,NA,NA,NA,"Q_4761","Multiple Choice","integer",FALSE
"Beeped Survey 1 ID 314","Item 5070","Block","Beeped Survey 1 ID 314",NA,NA,NA,NA,NA,NA,NA,NA,NA,NA,NA,NA,NA
"Beeped Survey 1 ID 314","Item 5068","Question","Item 5070",NA,"Question 4865","Thank you for answering your survey questions! Now it is time to play some brain games!",6,NA,NA,NA,NA,NA,"Q_4865","Informational Fullscreen",NA,FALSE
"Beeped Survey 1 ID 314","Item 5146","Question","Item 5070",NA,"Question 4962","Get ready for the next brain game. Tap the arrow button to continue.",27,NA,NA,NA,NA,NA,"Q_4962","Cognitive Test","other",FALSE
"Beeped Survey 1 ID 314","Item 5145","Question","Item 5070",NA,"Question 4963","Thank you for completing the brain games! Tap the arrow button to continue.",27,NA,NA,NA,NA,NA,"Q_4963","Cognitive Test","other",FALSE
"Beeped Survey 1 ID 314","Item 5030","Block","Beeped Survey 1 ID 314",NA,NA,NA,NA,NA,NA,NA,NA,NA,NA,NA,NA,NA
"Beeped Survey 1 ID 314","Item 4986","Question","Item 5030",NA,"Question 4762","During the brain games, were you distracted by anything in your environment?",0,"5027","4988","2","1",NA,"Q_4762","Multiple Choice","integer",FALSE
"Beeped Survey 1 ID 314","Item 5027","Question","Item 5030",NA,"Question 4766","Please check all applicable distractions.",7,NA,NA,NA,NA,"4986","Q_4766","Multiple Select","integer",TRUE
"Beeped Survey 1 ID 314","Item 4988","Question","Item 5030",NA,"Question 4764","Thank you for completing your survey and brain games!",6,NA,NA,NA,NA,"4986","Q_4764","Informational Fullscreen",NA,FALSE
"Evening Survey ID 315","Item 5032","Block","Evening Survey ID 315",NA,NA,NA,NA,NA,NA,NA,NA,NA,NA,NA,NA,NA
"Evening Survey ID 315","Item 4985","Question","Item 5032",NA,"Question 4767","Where are you?",0,NA,NA,NA,NA,NA,"Q_4767","Multiple Choice","integer",FALSE
"Evening Survey ID 315","Item 4970","Question","Item 5032",NA,"Question 4768","These next few questions will ask you about how you feel <b>RIGHT NOW</b>.",6,NA,NA,NA,NA,NA,"Q_4768","Informational Fullscreen",NA,FALSE
"Evening Survey ID 315","Item 5011","Question","Item 5032",NA,"Question 5184","<b>RIGHT NOW</b>...<br>How much <b>PHYSICAL</b> fatigue do you have?",3,NA,NA,NA,NA,NA,"Q_5184","Slider","numeric",FALSE
"Evening Survey ID 315","Item 5010","Question","Item 5032",NA,"Question 5185","<b>RIGHT NOW</b>...<br>How much <b>MENTAL</b> fatigue do you have?",3,NA,NA,NA,NA,NA,"Q_5185","Slider","numeric",FALSE
"Evening Survey ID 315","Item 4974","Question","Item 5032",NA,"Question 5186","<b>RIGHT NOW</b>...<br>How much pain do you have?",3,NA,NA,NA,NA,NA,"Q_5186","Slider","numeric",FALSE
"Evening Survey ID 315","Item 4973","Question","Item 5032",NA,"Question 5187","<b>RIGHT NOW</b>...<br>How would you rate your ability to remember?",3,NA,NA,NA,NA,NA,"Q_5187","Slider","numeric",FALSE
"Evening Survey ID 315","Item 4972","Question","Item 5032",NA,"Question 5188","<b>RIGHT NOW</b>...<br>How foggy is your thinking?",3,NA,NA,NA,NA,NA,"Q_5188","Slider","numeric",FALSE
"Evening Survey ID 315","Item 4971","Question","Item 5032",NA,"Question 5189","<b>RIGHT NOW</b>...<br>How slow is your thinking?",3,NA,NA,NA,NA,NA,"Q_5189","Slider","numeric",FALSE
"Evening Survey ID 315","Item 4978","Question","Item 5032",NA,"Question 4775","<b>RIGHT NOW</b>, I feel sad.",0,NA,NA,NA,NA,NA,"Q_4775","Multiple Choice","integer",FALSE
"Evening Survey ID 315","Item 4979","Question","Item 5032",NA,"Question 4776","<b>RIGHT NOW</b>, I feel hopeless.",0,NA,NA,NA,NA,NA,"Q_4776","Multiple Choice","integer",FALSE
"Evening Survey ID 315","Item 4980","Question","Item 5032",NA,"Question 4777","<b>RIGHT NOW</b>, I feel discouraged.",0,NA,NA,NA,NA,NA,"Q_4777","Multiple Choice","integer",FALSE
"Evening Survey ID 315","Item 4977","Question","Item 5032",NA,"Question 5190","How would you rate your current amount of stress?",3,NA,NA,NA,NA,NA,"Q_5190","Slider","numeric",FALSE
"Evening Survey ID 315","Item 5028","Question","Item 5032",NA,"Question 4938","Since the last assessment, did you consume (check all that apply):",7,NA,NA,NA,NA,NA,"Q_4938","Multiple Select","integer",TRUE
"Evening Survey ID 315","Item 5035","Block","Evening Survey ID 315",NA,NA,NA,NA,NA,NA,NA,NA,NA,NA,NA,NA,NA
"Evening Survey ID 315","Item 5025","Question","Item 5035",NA,"Question 4780","These next set of questions refer to your time <b>SINCE YOUR LAST SURVEY</b>.",6,NA,NA,NA,NA,NA,"Q_4780","Informational Fullscreen",NA,FALSE
"Evening Survey ID 315","Item 5003","Question","Item 5035",NA,"Question 4781","<b>SINCE YOUR LAST SURVEY</b>, did you:<br><br>Take rest breaks during activities?",0,NA,NA,NA,NA,NA,"Q_4781","Multiple Choice","integer",FALSE
"Evening Survey ID 315","Item 5005","Question","Item 5035",NA,"Question 4782","<b>SINCE YOUR LAST SURVEY</b>, did you:<br><br>Break up activity into manageable pieces?",0,NA,NA,NA,NA,NA,"Q_4782","Multiple Choice","integer",FALSE
"Evening Survey ID 315","Item 5004","Question","Item 5035",NA,"Question 4783","<b>SINCE YOUR LAST SURVEY</b>, did you:<br><br>Go slower and spread out activity over time?",0,NA,NA,NA,NA,NA,"Q_4783","Multiple Choice","integer",FALSE
"Evening Survey ID 315","Item 5034","Block","Evening Survey ID 315",NA,NA,NA,NA,NA,NA,NA,NA,NA,NA,NA,NA,NA
"Evening Survey ID 315","Item 5000","Question","Item 5034",NA,"Question 4784","The next set of questions will ask about your activities throughout the day.",6,NA,NA,NA,NA,NA,"Q_4784","Informational Fullscreen",NA,FALSE
"Evening Survey ID 315","Item 4994","Question","Item 5034",NA,"Question 4785","<b>TODAY</b>, I was able to do all of my regular family activities.",0,NA,NA,NA,NA,NA,"Q_4785","Multiple Choice","integer",FALSE
"Evening Survey ID 315","Item 4999","Question","Item 5034",NA,"Question 4786","<b>TODAY</b>, I was able to accomplish as much as usual at work for me (including work at home).",0,NA,NA,NA,NA,NA,"Q_4786","Multiple Choice","integer",FALSE
"Evening Survey ID 315","Item 4998","Question","Item 5034",NA,"Question 4787","<b>TODAY</b>, I was able to do all of the community activities that I wanted to do.",0,NA,NA,NA,NA,NA,"Q_4787","Multiple Choice","integer",FALSE
"Evening Survey ID 315","Item 4997","Question","Item 5034",NA,"Question 4788","<b>TODAY</b>, I was able to do my hobbies or leisure activities.",0,NA,NA,NA,NA,NA,"Q_4788","Multiple Choice","integer",FALSE
"Evening Survey ID 315","Item 4996","Question","Item 5034",NA,"Question 4789","<b>TODAY</b>, I was able to perform my daily routines.",0,NA,NA,NA,NA,NA,"Q_4789","Multiple Choice","integer",FALSE
"Evening Survey ID 315","Item 4995","Question","Item 5034",NA,"Question 4790","<b>TODAY</b>, I was able to keep up with my social commitments.",0,NA,NA,NA,NA,NA,"Q_4790","Multiple Choice","integer",FALSE
"Evening Survey ID 315","Item 5001","Question","Item 5034",NA,"Question 5191","<b>TODAY</b>...How much difficulty do you have with your mobility, that is your ability to get around?",3,NA,NA,NA,NA,NA,"Q_5191","Slider","numeric",FALSE
"Evening Survey ID 315","Item 5002","Question","Item 5034",NA,"Question 5192","<b>TODAY</b>...How much difficulty do you have with using your hands to complete tasks?",3,NA,NA,NA,NA,NA,"Q_5192","Slider","numeric",FALSE
"Evening Survey ID 315","Item 5050","Question","Item 5034",NA,"Question 5290","Did you have any falls today? A fall is defined as a slip or trip where you lost your balance and landed on the floor or ground or lower level.",0,"5052","5051","1","1",NA,"Q_5290","Multiple Choice","integer",FALSE
"Evening Survey ID 315","Item 5052","Block","Item 5034",NA,NA,NA,NA,NA,NA,NA,NA,NA,NA,NA,NA,NA
"Evening Survey ID 315","Item 5051","Question","Item 5034",NA,"Question 4838","End Block",21,NA,NA,NA,NA,"5050","Q_4838","End Block",NA,FALSE
"Evening Survey ID 315","Item 5045","Question","Item 5052",NA,"Question 4834","We would like you to report on the nature of the fall. If you have multiple incidents to report you can add more later.",6,NA,NA,NA,NA,NA,"Q_4834","Informational Fullscreen",NA,FALSE
"Evening Survey ID 315","Item 5043","Question","Item 5052",NA,"Question 4835","What time did the fall occur?",1,NA,NA,NA,NA,NA,"Q_4835","Time Picker","integer",FALSE
"Evening Survey ID 315","Item 5044","Question","Item 5052",NA,"Question 4836","Were you distracted or doing two things at once when you fell?",0,NA,NA,NA,NA,NA,"Q_4836","Multiple Choice","integer",FALSE
"Evening Survey ID 315","Item 7218","Question","Item 5052",NA,"Question 7588","Did your fall result in injury?",0,"7219","5046","1","1",NA,"Q_7588","Multiple Choice","integer",FALSE
"Evening Survey ID 315","Item 7219","Question","Item 5052",NA,"Question 7589","Please select the nature of the injury (select all that apply):",7,NA,NA,NA,NA,"7218","Q_7589","Multiple Select","integer",TRUE
"Evening Survey ID 315","Item 5046","Question","Item 5052",NA,"Question 4837","Do you have any other incidents to report?",0,NA,NA,NA,NA,"7218","Q_4837","Multiple Choice","integer",FALSE
"Evening Survey ID 315","Item 5071","Block","Evening Survey ID 315",NA,NA,NA,NA,NA,NA,NA,NA,NA,NA,NA,NA,NA
"Evening Survey ID 315","Item 5068","Question","Item 5071",NA,"Question 4863","Thank you for answering your survey questions! Now it is time to play some brain games!",6,NA,NA,NA,NA,NA,"Q_4863","Informational Fullscreen",NA,FALSE
"Evening Survey ID 315","Item 5146","Question","Item 5071",NA,"Question 4964","Get ready for the next brain game. Tap the arrow button to continue.",27,NA,NA,NA,NA,NA,"Q_4964","Cognitive Test","other",FALSE
"Evening Survey ID 315","Item 5145","Question","Item 5071",NA,"Question 4965","Thank you for completing the brain games! Tap the arrow button to continue.",27,NA,NA,NA,NA,NA,"Q_4965","Cognitive Test","other",FALSE
"Evening Survey ID 315","Item 5033","Block","Evening Survey ID 315",NA,NA,NA,NA,NA,NA,NA,NA,NA,NA,NA,NA,NA
"Evening Survey ID 315","Item 4986","Question","Item 5033",NA,"Question 4793","During the brain games, were you distracted by anything in your environment?",0,"5027","4988","2","1",NA,"Q_4793","Multiple Choice","integer",FALSE
"Evening Survey ID 315","Item 5027","Question","Item 5033",NA,"Question 4794","Please check all applicable distractions.",7,NA,NA,NA,NA,"4986","Q_4794","Multiple Select","integer",TRUE
"Evening Survey ID 315","Item 4988","Question","Item 5033",NA,"Question 4795","Thank you for completing your survey and brain games!",6,NA,NA,NA,NA,"4986","Q_4795","Informational Fullscreen",NA,FALSE
"Beeped Survey 2 ID 316","Item 5036","Block","Beeped Survey 2 ID 316",NA,NA,NA,NA,NA,NA,NA,NA,NA,NA,NA,NA,NA
"Beeped Survey 2 ID 316","Item 4985","Question","Item 5036",NA,"Question 4798","Where are you?",0,NA,NA,NA,NA,NA,"Q_4798","Multiple Choice","integer",FALSE
"Beeped Survey 2 ID 316","Item 4970","Question","Item 5036",NA,"Question 4799","These next few questions will ask you about how you feel <b>RIGHT NOW</b>.",6,NA,NA,NA,NA,NA,"Q_4799","Informational Fullscreen",NA,FALSE
"Beeped Survey 2 ID 316","Item 5011","Question","Item 5036",NA,"Question 5193","<b>RIGHT NOW</b>...<br>How much <b>PHYSICAL</b> fatigue do you have?",3,NA,NA,NA,NA,NA,"Q_5193","Slider","numeric",FALSE
"Beeped Survey 2 ID 316","Item 5010","Question","Item 5036",NA,"Question 5194","<b>RIGHT NOW</b>...<br>How much <b>MENTAL</b> fatigue do you have?",3,NA,NA,NA,NA,NA,"Q_5194","Slider","numeric",FALSE
"Beeped Survey 2 ID 316","Item 4974","Question","Item 5036",NA,"Question 5195","<b>RIGHT NOW</b>...<br>How much pain do you have?",3,NA,NA,NA,NA,NA,"Q_5195","Slider","numeric",FALSE
"Beeped Survey 2 ID 316","Item 4973","Question","Item 5036",NA,"Question 5196","<b>RIGHT NOW</b>...<br>How would you rate your ability to remember?",3,NA,NA,NA,NA,NA,"Q_5196","Slider","numeric",FALSE
"Beeped Survey 2 ID 316","Item 4972","Question","Item 5036",NA,"Question 5197","<b>RIGHT NOW</b>...<br>How foggy is your thinking?",3,NA,NA,NA,NA,NA,"Q_5197","Slider","numeric",FALSE
"Beeped Survey 2 ID 316","Item 4971","Question","Item 5036",NA,"Question 5198","<b>RIGHT NOW</b>...<br>How slow is your thinking?",3,NA,NA,NA,NA,NA,"Q_5198","Slider","numeric",FALSE
"Beeped Survey 2 ID 316","Item 4978","Question","Item 5036",NA,"Question 4806","<b>RIGHT NOW</b>, I feel sad.",0,NA,NA,NA,NA,NA,"Q_4806","Multiple Choice","integer",FALSE
"Beeped Survey 2 ID 316","Item 4979","Question","Item 5036",NA,"Question 4807","<b>RIGHT NOW</b>, I feel hopeless.",0,NA,NA,NA,NA,NA,"Q_4807","Multiple Choice","integer",FALSE
"Beeped Survey 2 ID 316","Item 4980","Question","Item 5036",NA,"Question 4808","<b>RIGHT NOW</b>, I feel discouraged.",0,NA,NA,NA,NA,NA,"Q_4808","Multiple Choice","integer",FALSE
"Beeped Survey 2 ID 316","Item 4977","Question","Item 5036",NA,"Question 5199","How would you rate your current amount of stress?",3,NA,NA,NA,NA,NA,"Q_5199","Slider","numeric",FALSE
"Beeped Survey 2 ID 316","Item 5028","Question","Item 5036",NA,"Question 4941","Since the last assessment, did you consume (check all that apply):",7,NA,NA,NA,NA,NA,"Q_4941","Multiple Select","integer",TRUE
"Beeped Survey 2 ID 316","Item 5037","Block","Beeped Survey 2 ID 316",NA,NA,NA,NA,NA,NA,NA,NA,NA,NA,NA,NA,NA
"Beeped Survey 2 ID 316","Item 5025","Question","Item 5037",NA,"Question 4811","These next set of questions refer to your time <b>SINCE YOUR LAST SURVEY</b>.",6,NA,NA,NA,NA,NA,"Q_4811","Informational Fullscreen",NA,FALSE
"Beeped Survey 2 ID 316","Item 5003","Question","Item 5037",NA,"Question 4812","<b>SINCE YOUR LAST SURVEY</b>, did you:<br><br>Take rest breaks during activities?",0,NA,NA,NA,NA,NA,"Q_4812","Multiple Choice","integer",FALSE
"Beeped Survey 2 ID 316","Item 5005","Question","Item 5037",NA,"Question 4813","<b>SINCE YOUR LAST SURVEY</b>, did you:<br><br>Break up activity into manageable pieces?",0,NA,NA,NA,NA,NA,"Q_4813","Multiple Choice","integer",FALSE
"Beeped Survey 2 ID 316","Item 5004","Question","Item 5037",NA,"Question 4814","<b>SINCE YOUR LAST SURVEY</b>, did you:<br><br>Go slower and spread out activity over time?",0,NA,NA,NA,NA,NA,"Q_4814","Multiple Choice","integer",FALSE
"Beeped Survey 2 ID 316","Item 5072","Block","Beeped Survey 2 ID 316",NA,NA,NA,NA,NA,NA,NA,NA,NA,NA,NA,NA,NA
"Beeped Survey 2 ID 316","Item 5068","Question","Item 5072",NA,"Question 4871","Thank you for answering your survey questions! Now it is time to play some brain games!",6,NA,NA,NA,NA,NA,"Q_4871","Informational Fullscreen",NA,FALSE
"Beeped Survey 2 ID 316","Item 5146","Question","Item 5072",NA,"Question 4966","Get ready for the next brain game. Tap the arrow button to continue.",27,NA,NA,NA,NA,NA,"Q_4966","Cognitive Test","other",FALSE
"Beeped Survey 2 ID 316","Item 5145","Question","Item 5072",NA,"Question 4967","Thank you for completing the brain games! Tap the arrow button to continue.",27,NA,NA,NA,NA,NA,"Q_4967","Cognitive Test","other",FALSE
"Beeped Survey 2 ID 316","Item 5038","Block","Beeped Survey 2 ID 316",NA,NA,NA,NA,NA,NA,NA,NA,NA,NA,NA,NA,NA
"Beeped Survey 2 ID 316","Item 4986","Question","Item 5038",NA,"Question 4815","During the brain games, were you distracted by anything in your environment?",0,"5027","4988","2","1",NA,"Q_4815","Multiple Choice","integer",FALSE
"Beeped Survey 2 ID 316","Item 5027","Question","Item 5038",NA,"Question 4816","Please check all applicable distractions.",7,NA,NA,NA,NA,"4986","Q_4816","Multiple Select","integer",TRUE
"Beeped Survey 2 ID 316","Item 4988","Question","Item 5038",NA,"Question 4817","Thank you for completing your survey and brain games!",6,NA,NA,NA,NA,"4986","Q_4817","Informational Fullscreen",NA,FALSE
