"Survey.Name","Group","Survey.ID","Question.ID","Survey","Item.ID","Item.Type","Parent","NA","Question.Text","Question.Type","Conditional.Child.Item.ID","Conditional.Fail.Item.ID","Conditional.Threshold","Conditional.Type","Conditional.Master.Item.ID","QID","Question.Type.Display.Name","Result.Type","Multiple.Question.Type"
"One Question Survey","1036","301","Question ",NA,NA,NA,NA,NA,NA,NA,NA,NA,NA,NA,NA,NA,NA,NA,NA
"Morning Survey","","3131","Question 4731","Morning Survey ID 313","Item 4986","Question","Item 5012",NA,"During the brain games, were you distracted by anything in your environment?",0,"5027","4988","2","1",NA,"Q_4731","Multiple Choice","integer",FALSE
"Morning Survey","","3132","Question 4797","Morning Survey ID 313","Item 5027","Question","Item 5012",NA,"Please check all applicable distractions.",7,NA,NA,NA,NA,"4986","Q_4797","Multiple Select","integer",TRUE
"Morning Survey","","3133","Question 4733","Morning Survey ID 313","Item 4988","Question","Item 5012",NA,"Thank you for completing your survey and brain games!",6,NA,NA,NA,NA,"4986","Q_4733","Informational Fullscreen",NA,FALSE
"Morning Survey","","3134","Question 4744","Morning Survey ID 313","Item 4985","Question","Item 5013",NA,"Where are you?",0,NA,NA,NA,NA,NA,"Q_4744","Multiple Choice","integer",FALSE
"Morning Survey","","3135","Question 4718","Morning Survey ID 313","Item 4970","Question","Item 5013",NA,"These next few questions will ask you about how you feel <b>RIGHT NOW</b>.",6,NA,NA,NA,NA,NA,"Q_4718","Informational Fullscreen",NA,FALSE
"Morning Survey","","3136","Question 5170","Morning Survey ID 313","Item 5011","Question","Item 5013",NA,"<b>RIGHT NOW</b>...<br>How much <b>PHYSICAL</b> fatigue do you have?",3,NA,NA,NA,NA,NA,"Q_5170","Slider","numeric",FALSE
"Morning Survey","","3137","Question 5171","Morning Survey ID 313","Item 5010","Question","Item 5013",NA,"<b>RIGHT NOW</b>...<br>How much <b>MENTAL</b> fatigue do you have?",3,NA,NA,NA,NA,NA,"Q_5171","Slider","numeric",FALSE
"Morning Survey","","3138","Question 5172","Morning Survey ID 313","Item 4974","Question","Item 5013",NA,"<b>RIGHT NOW</b>...<br>How much pain do you have?",3,NA,NA,NA,NA,NA,"Q_5172","Slider","numeric",FALSE
"Morning Survey","","3139","Question 5173","Morning Survey ID 313","Item 4973","Question","Item 5013",NA,"<b>RIGHT NOW</b>...<br>How would you rate your ability to remember?",3,NA,NA,NA,NA,NA,"Q_5173","Slider","numeric",FALSE
"Morning Survey","","31310","Question 5174","Morning Survey ID 313","Item 4972","Question","Item 5013",NA,"<b>RIGHT NOW</b>...<br>How foggy is your thinking?",3,NA,NA,NA,NA,NA,"Q_5174","Slider","numeric",FALSE
"Morning Survey","","31311","Question 5175","Morning Survey ID 313","Item 4971","Question","Item 5013",NA,"<b>RIGHT NOW</b>...<br>How slow is your thinking?",3,NA,NA,NA,NA,NA,"Q_5175","Slider","numeric",FALSE
"Morning Survey","","31312","Question 4726","Morning Survey ID 313","Item 4978","Question","Item 5013",NA,"<b>RIGHT NOW</b>, I feel sad.",0,NA,NA,NA,NA,NA,"Q_4726","Multiple Choice","integer",FALSE
"Morning Survey","","31313","Question 4727","Morning Survey ID 313","Item 4979","Question","Item 5013",NA,"<b>RIGHT NOW</b>, I feel hopeless.",0,NA,NA,NA,NA,NA,"Q_4727","Multiple Choice","integer",FALSE
"Morning Survey","","31314","Question 4728","Morning Survey ID 313","Item 4980","Question","Item 5013",NA,"<b>RIGHT NOW</b>, I feel discouraged.",0,NA,NA,NA,NA,NA,"Q_4728","Multiple Choice","integer",FALSE
"Morning Survey","","31315","Question 5176","Morning Survey ID 313","Item 4977","Question","Item 5013",NA,"How would you rate your current amount of stress?",3,NA,NA,NA,NA,NA,"Q_5176","Slider","numeric",FALSE
"Morning Survey","","31316","Question 4932","Morning Survey ID 313","Item 5028","Question","Item 5013",NA,"Since the last assessment, did you consume (check all that apply):",7,NA,NA,NA,NA,NA,"Q_4932","Multiple Select","integer",TRUE
"Morning Survey","","31317","Question 4739","Morning Survey ID 313","Item 5016","Question","Item 5021",NA,"The next few questions will ask about your sleep last night.",6,NA,NA,NA,NA,NA,"Q_4739","Informational Fullscreen",NA,FALSE
"Morning Survey","","31318","Question 4740","Morning Survey ID 313","Item 5020","Question","Item 5021",NA,"What time did you wake up this morning?",1,NA,NA,NA,NA,NA,"Q_4740","Time Picker","integer",FALSE
"Morning Survey","","31319","Question 4741","Morning Survey ID 313","Item 5019","Question","Item 5021",NA,"What time did you go to sleep last night?",1,NA,NA,NA,NA,NA,"Q_4741","Time Picker","integer",FALSE
"Morning Survey","","31320","Question 5168","Morning Survey ID 313","Item 5018","Question","Item 5021",NA,"How refreshed did you feel when you woke up this morning?",3,NA,NA,NA,NA,NA,"Q_5168","Slider","numeric",FALSE
"Morning Survey","","31321","Question 5169","Morning Survey ID 313","Item 5017","Question","Item 5021",NA,"How would you rate the quality of your sleep?",3,NA,NA,NA,NA,NA,"Q_5169","Slider","numeric",FALSE
"Morning Survey","","31322","Question 5262","Morning Survey ID 313","Item 5047","Question","Item 5021",NA,"Did you fall overnight? A fall is defined as a slip or trip where you lost your balance and landed on the floor or ground or lower level.",0,"5048","5049","1","1",NA,"Q_5262","Multiple Choice","integer",FALSE
"Morning Survey","","31323","Question 4828","Morning Survey ID 313","Item 5045","Question","Item 5048",NA,"We would like you to report on the nature of the fall. If you have multiple incidents to report you can add more later.",6,NA,NA,NA,NA,NA,"Q_4828","Informational Fullscreen",NA,FALSE
"Morning Survey","","31324","Question 4829","Morning Survey ID 313","Item 5043","Question","Item 5048",NA,"What time did the fall occur?",1,NA,NA,NA,NA,NA,"Q_4829","Time Picker","integer",FALSE
"Morning Survey","","31325","Question 4830","Morning Survey ID 313","Item 5044","Question","Item 5048",NA,"Were you distracted or doing two things at once when you fell?",0,NA,NA,NA,NA,NA,"Q_4830","Multiple Choice","integer",FALSE
"Morning Survey","","31326","Question 7586","Morning Survey ID 313","Item 7218","Question","Item 5048",NA,"Did your fall result in injury?",0,"7219","5046","1","1",NA,"Q_7586","Multiple Choice","integer",FALSE
"Morning Survey","","31327","Question 7587","Morning Survey ID 313","Item 7219","Question","Item 5048",NA,"Please select the nature of the injury (select all that apply):",7,NA,NA,NA,NA,"7218","Q_7587","Multiple Select","integer",TRUE
"Morning Survey","","31328","Question 4831","Morning Survey ID 313","Item 5046","Question","Item 5048",NA,"Do you have any other incidents to report?",0,NA,NA,NA,NA,"7218","Q_4831","Multiple Choice","integer",FALSE
"Morning Survey","","31329","Question 4832","Morning Survey ID 313","Item 5049","Question","Item 5021",NA,"End Block",21,NA,NA,NA,NA,"5047","Q_4832","End Block",NA,FALSE
"Morning Survey","","31330","Question 4868","Morning Survey ID 313","Item 5068","Question","Item 5069",NA,"Thank you for answering your survey questions! Now it is time to play some brain games!",6,NA,NA,NA,NA,NA,"Q_4868","Informational Fullscreen",NA,FALSE
"Morning Survey","","31331","Question 4960","Morning Survey ID 313","Item 5146","Question","Item 5069",NA,"Get ready for the next brain game. Tap the arrow button to continue.",27,NA,NA,NA,NA,NA,"Q_4960","Cognitive Test","other",FALSE
"Morning Survey","","31332","Question 4961","Morning Survey ID 313","Item 5145","Question","Item 5069",NA,"Thank you for completing the brain games! Tap the arrow button to continue.",27,NA,NA,NA,NA,NA,"Q_4961","Cognitive Test","other",FALSE
"Beeped Survey 1","","3141","Question 4745","Beeped Survey 1 ID 314","Item 4985","Question","Item 5029",NA,"Where are you?",0,NA,NA,NA,NA,NA,"Q_4745","Multiple Choice","integer",FALSE
"Beeped Survey 1","","3142","Question 4746","Beeped Survey 1 ID 314","Item 4970","Question","Item 5029",NA,"These next few questions will ask you about how you feel <b>RIGHT NOW</b>.",6,NA,NA,NA,NA,NA,"Q_4746","Informational Fullscreen",NA,FALSE
"Beeped Survey 1","","3143","Question 5177","Beeped Survey 1 ID 314","Item 5011","Question","Item 5029",NA,"<b>RIGHT NOW</b>...<br>How much <b>PHYSICAL</b> fatigue do you have?",3,NA,NA,NA,NA,NA,"Q_5177","Slider","numeric",FALSE
"Beeped Survey 1","","3144","Question 5178","Beeped Survey 1 ID 314","Item 5010","Question","Item 5029",NA,"<b>RIGHT NOW</b>...<br>How much <b>MENTAL</b> fatigue do you have?",3,NA,NA,NA,NA,NA,"Q_5178","Slider","numeric",FALSE
"Beeped Survey 1","","3145","Question 5179","Beeped Survey 1 ID 314","Item 4974","Question","Item 5029",NA,"<b>RIGHT NOW</b>...<br>How much pain do you have?",3,NA,NA,NA,NA,NA,"Q_5179","Slider","numeric",FALSE
"Beeped Survey 1","","3146","Question 5180","Beeped Survey 1 ID 314","Item 4973","Question","Item 5029",NA,"<b>RIGHT NOW</b>...<br>How would you rate your ability to remember?",3,NA,NA,NA,NA,NA,"Q_5180","Slider","numeric",FALSE
"Beeped Survey 1","","3147","Question 5181","Beeped Survey 1 ID 314","Item 4972","Question","Item 5029",NA,"<b>RIGHT NOW</b>...<br>How foggy is your thinking?",3,NA,NA,NA,NA,NA,"Q_5181","Slider","numeric",FALSE
"Beeped Survey 1","","3148","Question 5182","Beeped Survey 1 ID 314","Item 4971","Question","Item 5029",NA,"<b>RIGHT NOW</b>...<br>How slow is your thinking?",3,NA,NA,NA,NA,NA,"Q_5182","Slider","numeric",FALSE
"Beeped Survey 1","","3149","Question 4753","Beeped Survey 1 ID 314","Item 4978","Question","Item 5029",NA,"<b>RIGHT NOW</b>, I feel sad.",0,NA,NA,NA,NA,NA,"Q_4753","Multiple Choice","integer",FALSE
"Beeped Survey 1","","31410","Question 4754","Beeped Survey 1 ID 314","Item 4979","Question","Item 5029",NA,"<b>RIGHT NOW</b>, I feel hopeless.",0,NA,NA,NA,NA,NA,"Q_4754","Multiple Choice","integer",FALSE
"Beeped Survey 1","","31411","Question 4755","Beeped Survey 1 ID 314","Item 4980","Question","Item 5029",NA,"<b>RIGHT NOW</b>, I feel discouraged.",0,NA,NA,NA,NA,NA,"Q_4755","Multiple Choice","integer",FALSE
"Beeped Survey 1","","31412","Question 5183","Beeped Survey 1 ID 314","Item 4977","Question","Item 5029",NA,"How would you rate your current amount of stress?",3,NA,NA,NA,NA,NA,"Q_5183","Slider","numeric",FALSE
"Beeped Survey 1","","31413","Question 4935","Beeped Survey 1 ID 314","Item 5028","Question","Item 5029",NA,"Since the last assessment, did you consume (check all that apply):",7,NA,NA,NA,NA,NA,"Q_4935","Multiple Select","integer",TRUE
"Beeped Survey 1","","31414","Question 4762","Beeped Survey 1 ID 314","Item 4986","Question","Item 5030",NA,"During the brain games, were you distracted by anything in your environment?",0,"5027","4988","2","1",NA,"Q_4762","Multiple Choice","integer",FALSE
"Beeped Survey 1","","31415","Question 4766","Beeped Survey 1 ID 314","Item 5027","Question","Item 5030",NA,"Please check all applicable distractions.",7,NA,NA,NA,NA,"4986","Q_4766","Multiple Select","integer",TRUE
"Beeped Survey 1","","31416","Question 4764","Beeped Survey 1 ID 314","Item 4988","Question","Item 5030",NA,"Thank you for completing your survey and brain games!",6,NA,NA,NA,NA,"4986","Q_4764","Informational Fullscreen",NA,FALSE
"Beeped Survey 1","","31417","Question 4758","Beeped Survey 1 ID 314","Item 5025","Question","Item 5031",NA,"These next set of questions refer to your time <b>SINCE YOUR LAST SURVEY</b>.",6,NA,NA,NA,NA,NA,"Q_4758","Informational Fullscreen",NA,FALSE
"Beeped Survey 1","","31418","Question 4759","Beeped Survey 1 ID 314","Item 5003","Question","Item 5031",NA,"<b>SINCE YOUR LAST SURVEY</b>, did you:<br><br>Take rest breaks during activities?",0,NA,NA,NA,NA,NA,"Q_4759","Multiple Choice","integer",FALSE
"Beeped Survey 1","","31419","Question 4760","Beeped Survey 1 ID 314","Item 5005","Question","Item 5031",NA,"<b>SINCE YOUR LAST SURVEY</b>, did you:<br><br>Break up activity into manageable pieces?",0,NA,NA,NA,NA,NA,"Q_4760","Multiple Choice","integer",FALSE
"Beeped Survey 1","","31420","Question 4761","Beeped Survey 1 ID 314","Item 5004","Question","Item 5031",NA,"<b>SINCE YOUR LAST SURVEY</b>, did you:<br><br>Go slower and spread out activity over time?",0,NA,NA,NA,NA,NA,"Q_4761","Multiple Choice","integer",FALSE
"Beeped Survey 1","","31421","Question 4865","Beeped Survey 1 ID 314","Item 5068","Question","Item 5070",NA,"Thank you for answering your survey questions! Now it is time to play some brain games!",6,NA,NA,NA,NA,NA,"Q_4865","Informational Fullscreen",NA,FALSE
"Beeped Survey 1","","31422","Question 4962","Beeped Survey 1 ID 314","Item 5146","Question","Item 5070",NA,"Get ready for the next brain game. Tap the arrow button to continue.",27,NA,NA,NA,NA,NA,"Q_4962","Cognitive Test","other",FALSE
"Beeped Survey 1","","31423","Question 4963","Beeped Survey 1 ID 314","Item 5145","Question","Item 5070",NA,"Thank you for completing the brain games! Tap the arrow button to continue.",27,NA,NA,NA,NA,NA,"Q_4963","Cognitive Test","other",FALSE
"Evening Survey","","3151","Question 4767","Evening Survey ID 315","Item 4985","Question","Item 5032",NA,"Where are you?",0,NA,NA,NA,NA,NA,"Q_4767","Multiple Choice","integer",FALSE
"Evening Survey","","3152","Question 4768","Evening Survey ID 315","Item 4970","Question","Item 5032",NA,"These next few questions will ask you about how you feel <b>RIGHT NOW</b>.",6,NA,NA,NA,NA,NA,"Q_4768","Informational Fullscreen",NA,FALSE
"Evening Survey","","3153","Question 5184","Evening Survey ID 315","Item 5011","Question","Item 5032",NA,"<b>RIGHT NOW</b>...<br>How much <b>PHYSICAL</b> fatigue do you have?",3,NA,NA,NA,NA,NA,"Q_5184","Slider","numeric",FALSE
"Evening Survey","","3154","Question 5185","Evening Survey ID 315","Item 5010","Question","Item 5032",NA,"<b>RIGHT NOW</b>...<br>How much <b>MENTAL</b> fatigue do you have?",3,NA,NA,NA,NA,NA,"Q_5185","Slider","numeric",FALSE
"Evening Survey","","3155","Question 5186","Evening Survey ID 315","Item 4974","Question","Item 5032",NA,"<b>RIGHT NOW</b>...<br>How much pain do you have?",3,NA,NA,NA,NA,NA,"Q_5186","Slider","numeric",FALSE
"Evening Survey","","3156","Question 5187","Evening Survey ID 315","Item 4973","Question","Item 5032",NA,"<b>RIGHT NOW</b>...<br>How would you rate your ability to remember?",3,NA,NA,NA,NA,NA,"Q_5187","Slider","numeric",FALSE
"Evening Survey","","3157","Question 5188","Evening Survey ID 315","Item 4972","Question","Item 5032",NA,"<b>RIGHT NOW</b>...<br>How foggy is your thinking?",3,NA,NA,NA,NA,NA,"Q_5188","Slider","numeric",FALSE
"Evening Survey","","3158","Question 5189","Evening Survey ID 315","Item 4971","Question","Item 5032",NA,"<b>RIGHT NOW</b>...<br>How slow is your thinking?",3,NA,NA,NA,NA,NA,"Q_5189","Slider","numeric",FALSE
"Evening Survey","","3159","Question 4775","Evening Survey ID 315","Item 4978","Question","Item 5032",NA,"<b>RIGHT NOW</b>, I feel sad.",0,NA,NA,NA,NA,NA,"Q_4775","Multiple Choice","integer",FALSE
"Evening Survey","","31510","Question 4776","Evening Survey ID 315","Item 4979","Question","Item 5032",NA,"<b>RIGHT NOW</b>, I feel hopeless.",0,NA,NA,NA,NA,NA,"Q_4776","Multiple Choice","integer",FALSE
"Evening Survey","","31511","Question 4777","Evening Survey ID 315","Item 4980","Question","Item 5032",NA,"<b>RIGHT NOW</b>, I feel discouraged.",0,NA,NA,NA,NA,NA,"Q_4777","Multiple Choice","integer",FALSE
"Evening Survey","","31512","Question 5190","Evening Survey ID 315","Item 4977","Question","Item 5032",NA,"How would you rate your current amount of stress?",3,NA,NA,NA,NA,NA,"Q_5190","Slider","numeric",FALSE
"Evening Survey","","31513","Question 4938","Evening Survey ID 315","Item 5028","Question","Item 5032",NA,"Since the last assessment, did you consume (check all that apply):",7,NA,NA,NA,NA,NA,"Q_4938","Multiple Select","integer",TRUE
"Evening Survey","","31514","Question 4793","Evening Survey ID 315","Item 4986","Question","Item 5033",NA,"During the brain games, were you distracted by anything in your environment?",0,"5027","4988","2","1",NA,"Q_4793","Multiple Choice","integer",FALSE
"Evening Survey","","31515","Question 4794","Evening Survey ID 315","Item 5027","Question","Item 5033",NA,"Please check all applicable distractions.",7,NA,NA,NA,NA,"4986","Q_4794","Multiple Select","integer",TRUE
"Evening Survey","","31516","Question 4795","Evening Survey ID 315","Item 4988","Question","Item 5033",NA,"Thank you for completing your survey and brain games!",6,NA,NA,NA,NA,"4986","Q_4795","Informational Fullscreen",NA,FALSE
"Evening Survey","","31517","Question 4784","Evening Survey ID 315","Item 5000","Question","Item 5034",NA,"The next set of questions will ask about your activities throughout the day.",6,NA,NA,NA,NA,NA,"Q_4784","Informational Fullscreen",NA,FALSE
"Evening Survey","","31518","Question 4785","Evening Survey ID 315","Item 4994","Question","Item 5034",NA,"<b>TODAY</b>, I was able to do all of my regular family activities.",0,NA,NA,NA,NA,NA,"Q_4785","Multiple Choice","integer",FALSE
"Evening Survey","","31519","Question 4786","Evening Survey ID 315","Item 4999","Question","Item 5034",NA,"<b>TODAY</b>, I was able to accomplish as much as usual at work for me (including work at home).",0,NA,NA,NA,NA,NA,"Q_4786","Multiple Choice","integer",FALSE
"Evening Survey","","31520","Question 4787","Evening Survey ID 315","Item 4998","Question","Item 5034",NA,"<b>TODAY</b>, I was able to do all of the community activities that I wanted to do.",0,NA,NA,NA,NA,NA,"Q_4787","Multiple Choice","integer",FALSE
"Evening Survey","","31521","Question 4788","Evening Survey ID 315","Item 4997","Question","Item 5034",NA,"<b>TODAY</b>, I was able to do my hobbies or leisure activities.",0,NA,NA,NA,NA,NA,"Q_4788","Multiple Choice","integer",FALSE
"Evening Survey","","31522","Question 4789","Evening Survey ID 315","Item 4996","Question","Item 5034",NA,"<b>TODAY</b>, I was able to perform my daily routines.",0,NA,NA,NA,NA,NA,"Q_4789","Multiple Choice","integer",FALSE
"Evening Survey","","31523","Question 4790","Evening Survey ID 315","Item 4995","Question","Item 5034",NA,"<b>TODAY</b>, I was able to keep up with my social commitments.",0,NA,NA,NA,NA,NA,"Q_4790","Multiple Choice","integer",FALSE
"Evening Survey","","31524","Question 5191","Evening Survey ID 315","Item 5001","Question","Item 5034",NA,"<b>TODAY</b>...How much difficulty do you have with your mobility, that is your ability to get around?",3,NA,NA,NA,NA,NA,"Q_5191","Slider","numeric",FALSE
"Evening Survey","","31525","Question 5192","Evening Survey ID 315","Item 5002","Question","Item 5034",NA,"<b>TODAY</b>...How much difficulty do you have with using your hands to complete tasks?",3,NA,NA,NA,NA,NA,"Q_5192","Slider","numeric",FALSE
"Evening Survey","","31526","Question 5290","Evening Survey ID 315","Item 5050","Question","Item 5034",NA,"Did you have any falls today? A fall is defined as a slip or trip where you lost your balance and landed on the floor or ground or lower level.",0,"5052","5051","1","1",NA,"Q_5290","Multiple Choice","integer",FALSE
"Evening Survey","","31527","Question 4834","Evening Survey ID 315","Item 5045","Question","Item 5052",NA,"We would like you to report on the nature of the fall. If you have multiple incidents to report you can add more later.",6,NA,NA,NA,NA,NA,"Q_4834","Informational Fullscreen",NA,FALSE
"Evening Survey","","31528","Question 4835","Evening Survey ID 315","Item 5043","Question","Item 5052",NA,"What time did the fall occur?",1,NA,NA,NA,NA,NA,"Q_4835","Time Picker","integer",FALSE
"Evening Survey","","31529","Question 4836","Evening Survey ID 315","Item 5044","Question","Item 5052",NA,"Were you distracted or doing two things at once when you fell?",0,NA,NA,NA,NA,NA,"Q_4836","Multiple Choice","integer",FALSE
"Evening Survey","","31530","Question 7588","Evening Survey ID 315","Item 7218","Question","Item 5052",NA,"Did your fall result in injury?",0,"7219","5046","1","1",NA,"Q_7588","Multiple Choice","integer",FALSE
"Evening Survey","","31531","Question 7589","Evening Survey ID 315","Item 7219","Question","Item 5052",NA,"Please select the nature of the injury (select all that apply):",7,NA,NA,NA,NA,"7218","Q_7589","Multiple Select","integer",TRUE
"Evening Survey","","31532","Question 4837","Evening Survey ID 315","Item 5046","Question","Item 5052",NA,"Do you have any other incidents to report?",0,NA,NA,NA,NA,"7218","Q_4837","Multiple Choice","integer",FALSE
"Evening Survey","","31533","Question 4838","Evening Survey ID 315","Item 5051","Question","Item 5034",NA,"End Block",21,NA,NA,NA,NA,"5050","Q_4838","End Block",NA,FALSE
"Evening Survey","","31534","Question 4780","Evening Survey ID 315","Item 5025","Question","Item 5035",NA,"These next set of questions refer to your time <b>SINCE YOUR LAST SURVEY</b>.",6,NA,NA,NA,NA,NA,"Q_4780","Informational Fullscreen",NA,FALSE
"Evening Survey","","31535","Question 4781","Evening Survey ID 315","Item 5003","Question","Item 5035",NA,"<b>SINCE YOUR LAST SURVEY</b>, did you:<br><br>Take rest breaks during activities?",0,NA,NA,NA,NA,NA,"Q_4781","Multiple Choice","integer",FALSE
"Evening Survey","","31536","Question 4782","Evening Survey ID 315","Item 5005","Question","Item 5035",NA,"<b>SINCE YOUR LAST SURVEY</b>, did you:<br><br>Break up activity into manageable pieces?",0,NA,NA,NA,NA,NA,"Q_4782","Multiple Choice","integer",FALSE
"Evening Survey","","31537","Question 4783","Evening Survey ID 315","Item 5004","Question","Item 5035",NA,"<b>SINCE YOUR LAST SURVEY</b>, did you:<br><br>Go slower and spread out activity over time?",0,NA,NA,NA,NA,NA,"Q_4783","Multiple Choice","integer",FALSE
"Evening Survey","","31538","Question 4863","Evening Survey ID 315","Item 5068","Question","Item 5071",NA,"Thank you for answering your survey questions! Now it is time to play some brain games!",6,NA,NA,NA,NA,NA,"Q_4863","Informational Fullscreen",NA,FALSE
"Evening Survey","","31539","Question 4964","Evening Survey ID 315","Item 5146","Question","Item 5071",NA,"Get ready for the next brain game. Tap the arrow button to continue.",27,NA,NA,NA,NA,NA,"Q_4964","Cognitive Test","other",FALSE
"Evening Survey","","31540","Question 4965","Evening Survey ID 315","Item 5145","Question","Item 5071",NA,"Thank you for completing the brain games! Tap the arrow button to continue.",27,NA,NA,NA,NA,NA,"Q_4965","Cognitive Test","other",FALSE
"Beeped Survey 2","","3161","Question 4798","Beeped Survey 2 ID 316","Item 4985","Question","Item 5036",NA,"Where are you?",0,NA,NA,NA,NA,NA,"Q_4798","Multiple Choice","integer",FALSE
"Beeped Survey 2","","3162","Question 4799","Beeped Survey 2 ID 316","Item 4970","Question","Item 5036",NA,"These next few questions will ask you about how you feel <b>RIGHT NOW</b>.",6,NA,NA,NA,NA,NA,"Q_4799","Informational Fullscreen",NA,FALSE
"Beeped Survey 2","","3163","Question 5193","Beeped Survey 2 ID 316","Item 5011","Question","Item 5036",NA,"<b>RIGHT NOW</b>...<br>How much <b>PHYSICAL</b> fatigue do you have?",3,NA,NA,NA,NA,NA,"Q_5193","Slider","numeric",FALSE
"Beeped Survey 2","","3164","Question 5194","Beeped Survey 2 ID 316","Item 5010","Question","Item 5036",NA,"<b>RIGHT NOW</b>...<br>How much <b>MENTAL</b> fatigue do you have?",3,NA,NA,NA,NA,NA,"Q_5194","Slider","numeric",FALSE
"Beeped Survey 2","","3165","Question 5195","Beeped Survey 2 ID 316","Item 4974","Question","Item 5036",NA,"<b>RIGHT NOW</b>...<br>How much pain do you have?",3,NA,NA,NA,NA,NA,"Q_5195","Slider","numeric",FALSE
"Beeped Survey 2","","3166","Question 5196","Beeped Survey 2 ID 316","Item 4973","Question","Item 5036",NA,"<b>RIGHT NOW</b>...<br>How would you rate your ability to remember?",3,NA,NA,NA,NA,NA,"Q_5196","Slider","numeric",FALSE
"Beeped Survey 2","","3167","Question 5197","Beeped Survey 2 ID 316","Item 4972","Question","Item 5036",NA,"<b>RIGHT NOW</b>...<br>How foggy is your thinking?",3,NA,NA,NA,NA,NA,"Q_5197","Slider","numeric",FALSE
"Beeped Survey 2","","3168","Question 5198","Beeped Survey 2 ID 316","Item 4971","Question","Item 5036",NA,"<b>RIGHT NOW</b>...<br>How slow is your thinking?",3,NA,NA,NA,NA,NA,"Q_5198","Slider","numeric",FALSE
"Beeped Survey 2","","3169","Question 4806","Beeped Survey 2 ID 316","Item 4978","Question","Item 5036",NA,"<b>RIGHT NOW</b>, I feel sad.",0,NA,NA,NA,NA,NA,"Q_4806","Multiple Choice","integer",FALSE
"Beeped Survey 2","","31610","Question 4807","Beeped Survey 2 ID 316","Item 4979","Question","Item 5036",NA,"<b>RIGHT NOW</b>, I feel hopeless.",0,NA,NA,NA,NA,NA,"Q_4807","Multiple Choice","integer",FALSE
"Beeped Survey 2","","31611","Question 4808","Beeped Survey 2 ID 316","Item 4980","Question","Item 5036",NA,"<b>RIGHT NOW</b>, I feel discouraged.",0,NA,NA,NA,NA,NA,"Q_4808","Multiple Choice","integer",FALSE
"Beeped Survey 2","","31612","Question 5199","Beeped Survey 2 ID 316","Item 4977","Question","Item 5036",NA,"How would you rate your current amount of stress?",3,NA,NA,NA,NA,NA,"Q_5199","Slider","numeric",FALSE
"Beeped Survey 2","","31613","Question 4941","Beeped Survey 2 ID 316","Item 5028","Question","Item 5036",NA,"Since the last assessment, did you consume (check all that apply):",7,NA,NA,NA,NA,NA,"Q_4941","Multiple Select","integer",TRUE
"Beeped Survey 2","","31614","Question 4811","Beeped Survey 2 ID 316","Item 5025","Question","Item 5037",NA,"These next set of questions refer to your time <b>SINCE YOUR LAST SURVEY</b>.",6,NA,NA,NA,NA,NA,"Q_4811","Informational Fullscreen",NA,FALSE
"Beeped Survey 2","","31615","Question 4812","Beeped Survey 2 ID 316","Item 5003","Question","Item 5037",NA,"<b>SINCE YOUR LAST SURVEY</b>, did you:<br><br>Take rest breaks during activities?",0,NA,NA,NA,NA,NA,"Q_4812","Multiple Choice","integer",FALSE
"Beeped Survey 2","","31616","Question 4813","Beeped Survey 2 ID 316","Item 5005","Question","Item 5037",NA,"<b>SINCE YOUR LAST SURVEY</b>, did you:<br><br>Break up activity into manageable pieces?",0,NA,NA,NA,NA,NA,"Q_4813","Multiple Choice","integer",FALSE
"Beeped Survey 2","","31617","Question 4814","Beeped Survey 2 ID 316","Item 5004","Question","Item 5037",NA,"<b>SINCE YOUR LAST SURVEY</b>, did you:<br><br>Go slower and spread out activity over time?",0,NA,NA,NA,NA,NA,"Q_4814","Multiple Choice","integer",FALSE
"Beeped Survey 2","","31618","Question 4815","Beeped Survey 2 ID 316","Item 4986","Question","Item 5038",NA,"During the brain games, were you distracted by anything in your environment?",0,"5027","4988","2","1",NA,"Q_4815","Multiple Choice","integer",FALSE
"Beeped Survey 2","","31619","Question 4816","Beeped Survey 2 ID 316","Item 5027","Question","Item 5038",NA,"Please check all applicable distractions.",7,NA,NA,NA,NA,"4986","Q_4816","Multiple Select","integer",TRUE
"Beeped Survey 2","","31620","Question 4817","Beeped Survey 2 ID 316","Item 4988","Question","Item 5038",NA,"Thank you for completing your survey and brain games!",6,NA,NA,NA,NA,"4986","Q_4817","Informational Fullscreen",NA,FALSE
"Beeped Survey 2","","31621","Question 4871","Beeped Survey 2 ID 316","Item 5068","Question","Item 5072",NA,"Thank you for answering your survey questions! Now it is time to play some brain games!",6,NA,NA,NA,NA,NA,"Q_4871","Informational Fullscreen",NA,FALSE
"Beeped Survey 2","","31622","Question 4966","Beeped Survey 2 ID 316","Item 5146","Question","Item 5072",NA,"Get ready for the next brain game. Tap the arrow button to continue.",27,NA,NA,NA,NA,NA,"Q_4966","Cognitive Test","other",FALSE
"Beeped Survey 2","","31623","Question 4967","Beeped Survey 2 ID 316","Item 5145","Question","Item 5072",NA,"Thank you for completing the brain games! Tap the arrow button to continue.",27,NA,NA,NA,NA,NA,"Q_4967","Cognitive Test","other",FALSE
NA,NA,NA,NA,"Morning Survey ID 313","Item 5021","Block","Morning Survey ID 313",NA,NA,NA,NA,NA,NA,NA,NA,NA,NA,NA,NA
NA,NA,NA,NA,"Morning Survey ID 313","Item 5048","Block","Item 5021",NA,NA,NA,NA,NA,NA,NA,NA,NA,NA,NA,NA
NA,NA,NA,NA,"Morning Survey ID 313","Item 5013","Block","Morning Survey ID 313",NA,NA,NA,NA,NA,NA,NA,NA,NA,NA,NA,NA
NA,NA,NA,NA,"Morning Survey ID 313","Item 5069","Block","Morning Survey ID 313",NA,NA,NA,NA,NA,NA,NA,NA,NA,NA,NA,NA
NA,NA,NA,NA,"Morning Survey ID 313","Item 5012","Block","Morning Survey ID 313",NA,NA,NA,NA,NA,NA,NA,NA,NA,NA,NA,NA
NA,NA,NA,NA,"Beeped Survey 1 ID 314","Item 5029","Block","Beeped Survey 1 ID 314",NA,NA,NA,NA,NA,NA,NA,NA,NA,NA,NA,NA
NA,NA,NA,NA,"Beeped Survey 1 ID 314","Item 5031","Block","Beeped Survey 1 ID 314",NA,NA,NA,NA,NA,NA,NA,NA,NA,NA,NA,NA
NA,NA,NA,NA,"Beeped Survey 1 ID 314","Item 5070","Block","Beeped Survey 1 ID 314",NA,NA,NA,NA,NA,NA,NA,NA,NA,NA,NA,NA
NA,NA,NA,NA,"Beeped Survey 1 ID 314","Item 5030","Block","Beeped Survey 1 ID 314",NA,NA,NA,NA,NA,NA,NA,NA,NA,NA,NA,NA
NA,NA,NA,NA,"Evening Survey ID 315","Item 5032","Block","Evening Survey ID 315",NA,NA,NA,NA,NA,NA,NA,NA,NA,NA,NA,NA
NA,NA,NA,NA,"Evening Survey ID 315","Item 5035","Block","Evening Survey ID 315",NA,NA,NA,NA,NA,NA,NA,NA,NA,NA,NA,NA
NA,NA,NA,NA,"Evening Survey ID 315","Item 5034","Block","Evening Survey ID 315",NA,NA,NA,NA,NA,NA,NA,NA,NA,NA,NA,NA
NA,NA,NA,NA,"Evening Survey ID 315","Item 5052","Block","Item 5034",NA,NA,NA,NA,NA,NA,NA,NA,NA,NA,NA,NA
NA,NA,NA,NA,"Evening Survey ID 315","Item 5071","Block","Evening Survey ID 315",NA,NA,NA,NA,NA,NA,NA,NA,NA,NA,NA,NA
NA,NA,NA,NA,"Evening Survey ID 315","Item 5033","Block","Evening Survey ID 315",NA,NA,NA,NA,NA,NA,NA,NA,NA,NA,NA,NA
NA,NA,NA,NA,"Beeped Survey 2 ID 316","Item 5036","Block","Beeped Survey 2 ID 316",NA,NA,NA,NA,NA,NA,NA,NA,NA,NA,NA,NA
NA,NA,NA,NA,"Beeped Survey 2 ID 316","Item 5037","Block","Beeped Survey 2 ID 316",NA,NA,NA,NA,NA,NA,NA,NA,NA,NA,NA,NA
NA,NA,NA,NA,"Beeped Survey 2 ID 316","Item 5072","Block","Beeped Survey 2 ID 316",NA,NA,NA,NA,NA,NA,NA,NA,NA,NA,NA,NA
NA,NA,NA,NA,"Beeped Survey 2 ID 316","Item 5038","Block","Beeped Survey 2 ID 316",NA,NA,NA,NA,NA,NA,NA,NA,NA,NA,NA,NA
