"Survey.LongName","Group","Survey.QID","Question.ID","Survey","Item.ID","Item.Type","Parent","Question.Text","Question.Type","NA","Conditional.Child.Item.ID","Conditional.Fail.Item.ID","Conditional.Threshold","Conditional.Type","Conditional.Master.Item.ID","QID","Question.Type.Display.Name","Result.Type","Multiple.Question.Type"
"One Question Survey","2027","8","Question ",NA,NA,NA,NA,NA,NA,NA,NA,NA,NA,NA,NA,NA,NA,NA,NA
"Intake Survey","","91","Question 88","Intake Survey ID 9","Item 41","Question","Intake Survey ID 9","Do you get home from work at a regular time?",0,NA,NA,NA,NA,NA,NA,"Q_88","Multiple Choice","integer",FALSE
"Intake Survey","","92","Question 87","Intake Survey ID 9","Item 43","Question","Intake Survey ID 9","What time do you usually get up from sleeping?",1,NA,NA,NA,NA,NA,NA,"Q_87","Time Picker","integer",FALSE
"Intake Survey","","93","Question 101","Intake Survey ID 9","Item 111","Question","Item 112","What time do you normally get home from work?",1,NA,NA,NA,NA,NA,NA,"Q_101","Time Picker","integer",FALSE
"Intake Survey","","94","Question 102","Intake Survey ID 9","Item 109","Question","Item 112","What time do you usually go to bed for the day?",1,NA,NA,NA,NA,NA,NA,"Q_102","Time Picker","integer",FALSE
"Intake Survey","","95","Question 91","Intake Survey ID 9","Item 110","Question","Item 113","What time do you usually go to bed for the day?",1,NA,NA,NA,NA,NA,NA,"Q_91","Time Picker","integer",FALSE
"Daily Survey 1","","101","Question 6","Daily Survey 1 ID 10","Item 45","Question","Daily Survey 1 ID 10","Thank you for participating in our study. These questions ask about your day since  waking.",6,NA,NA,NA,NA,NA,NA,"Q_6","Informational Fullscreen",NA,FALSE
"Daily Survey 1","","102","Question 7","Daily Survey 1 ID 10","Item 46","Question","Daily Survey 1 ID 10","So far today:",6,NA,NA,NA,NA,NA,NA,"Q_7","Informational Fullscreen",NA,FALSE
"Daily Survey 1","","103","Question 127","Daily Survey 1 ID 10","Item 56","Question","Daily Survey 1 ID 10","So far today, to what extent have you felt:",17,NA,NA,NA,NA,NA,NA,"Q_127","Multiple Slider",NA,TRUE
"Daily Survey 1","","104","Question 128","Daily Survey 1 ID 10","Item 57","Question","Daily Survey 1 ID 10","So far today, to what extent have you felt:",17,NA,NA,NA,NA,NA,NA,"Q_128","Multiple Slider",NA,TRUE
"Daily Survey 1","","105","Question 129","Daily Survey 1 ID 10","Item 58","Question","Daily Survey 1 ID 10","So far today, to what extent have you been:",17,NA,NA,NA,NA,NA,NA,"Q_129","Multiple Slider",NA,TRUE
"Daily Survey 1","","106","Question 130","Daily Survey 1 ID 10","Item 59","Question","Daily Survey 1 ID 10","So far today, to what extent have you experienced WITHDRAWAL symptoms?",3,NA,NA,NA,NA,NA,NA,"Q_130","Slider","numeric",FALSE
"Daily Survey 1","","107","Question 131","Daily Survey 1 ID 10","Item 60","Question","Daily Survey 1 ID 10","So far today, how FREQUENT have your drug CRAVINGS been?",3,NA,NA,NA,NA,NA,NA,"Q_131","Slider","numeric",FALSE
"Daily Survey 1","","108","Question 132","Daily Survey 1 ID 10","Item 61","Question","Daily Survey 1 ID 10","So far today, how STRONG have your drug CRAVINGS been?",3,NA,NA,NA,NA,NA,NA,"Q_132","Slider","numeric",FALSE
"Daily Survey 1","","109","Question 133","Daily Survey 1 ID 10","Item 62","Question","Daily Survey 1 ID 10","So far today, to what extent have you felt:",17,NA,NA,NA,NA,NA,NA,"Q_133","Multiple Slider",NA,TRUE
"Daily Survey 1","","1010","Question 24","Daily Survey 1 ID 10","Item 63","Question","Daily Survey 1 ID 10","So far today:",6,NA,NA,NA,NA,NA,NA,"Q_24","Informational Fullscreen",NA,FALSE
"Daily Survey 1","","1011","Question 134","Daily Survey 1 ID 10","Item 64","Question","Daily Survey 1 ID 10","How STRONG have any FOOD CRAVINGS been?",3,NA,NA,NA,NA,NA,NA,"Q_134","Slider","numeric",FALSE
"Daily Survey 1","","1012","Question 135","Daily Survey 1 ID 10","Item 65","Question","Daily Survey 1 ID 10","How difficult has it been to RESIST FOOD CRAVINGS?",3,NA,NA,NA,NA,NA,NA,"Q_135","Slider","numeric",FALSE
"Daily Survey 1","","1013","Question 43","Daily Survey 1 ID 10","Item 107","Question","Item 79","The following questions ask about your sleep.",6,NA,NA,NA,NA,NA,NA,"Q_43","Informational Fullscreen",NA,FALSE
"Daily Survey 1","","1014","Question 27","Daily Survey 1 ID 10","Item 76","Question","Item 79","Did you sleep last night?",0,NA,"77","78","1","1",NA,"Q_27","Multiple Choice","integer",FALSE
"Daily Survey 1","","1015","Question 28","Daily Survey 1 ID 10","Item 66","Question","Item 77","What time did you get into bed last night?",1,NA,NA,NA,NA,NA,NA,"Q_28","Time Picker","integer",FALSE
"Daily Survey 1","","1016","Question 29","Daily Survey 1 ID 10","Item 67","Question","Item 77","What time did you get out of bed for the day this morning?",1,NA,NA,NA,NA,NA,NA,"Q_29","Time Picker","integer",FALSE
"Daily Survey 1","","1017","Question 30","Daily Survey 1 ID 10","Item 68","Question","Item 77","How long do you think it took you to fall asleep last night?",0,NA,NA,NA,NA,NA,NA,"Q_30","Multiple Choice","integer",FALSE
"Daily Survey 1","","1018","Question 31","Daily Survey 1 ID 10","Item 69","Question","Item 77","How many times did you wake up last night?",2,NA,NA,NA,NA,NA,NA,"Q_31","Reducing Slider","integer",FALSE
"Daily Survey 1","","1018","Question 31","Daily Survey 1 ID 10","Item 69","Question","Item 77","How many times did you wake up last night?",2,NA,NA,NA,NA,NA,NA,"Q_31","Time Scale Slider","integer",FALSE
"Daily Survey 1","","1018","Question 31","Daily Survey 1 ID 10","Item 69","Question","Item 77","How many times did you wake up last night?",2,NA,NA,NA,NA,NA,NA,"Q_31","Unit Scale Slider","integer",FALSE
"Daily Survey 1","","1019","Question 32","Daily Survey 1 ID 10","Item 70","Question","Item 77","How long do you think you were awake during the night?",2,NA,NA,NA,NA,NA,NA,"Q_32","Reducing Slider","integer",FALSE
"Daily Survey 1","","1019","Question 32","Daily Survey 1 ID 10","Item 70","Question","Item 77","How long do you think you were awake during the night?",2,NA,NA,NA,NA,NA,NA,"Q_32","Time Scale Slider","integer",FALSE
"Daily Survey 1","","1019","Question 32","Daily Survey 1 ID 10","Item 70","Question","Item 77","How long do you think you were awake during the night?",2,NA,NA,NA,NA,NA,NA,"Q_32","Unit Scale Slider","integer",FALSE
"Daily Survey 1","","1020","Question 116","Daily Survey 1 ID 10","Item 71","Question","Item 77","How would you evaluate your sleep last night?",3,NA,NA,NA,NA,NA,NA,"Q_116","Slider","numeric",FALSE
"Daily Survey 1","","1021","Question 34","Daily Survey 1 ID 10","Item 72","Question","Item 77","How long do you think you slept last night?",2,NA,NA,NA,NA,NA,NA,"Q_34","Reducing Slider","integer",FALSE
"Daily Survey 1","","1021","Question 34","Daily Survey 1 ID 10","Item 72","Question","Item 77","How long do you think you slept last night?",2,NA,NA,NA,NA,NA,NA,"Q_34","Time Scale Slider","integer",FALSE
"Daily Survey 1","","1021","Question 34","Daily Survey 1 ID 10","Item 72","Question","Item 77","How long do you think you slept last night?",2,NA,NA,NA,NA,NA,NA,"Q_34","Unit Scale Slider","integer",FALSE
"Daily Survey 1","","1022","Question 35","Daily Survey 1 ID 10","Item 73","Question","Item 77","Did you experience pain or discomfort during your night time sleep period?",0,NA,"74","75","2","3",NA,"Q_35","Multiple Choice","integer",FALSE
"Daily Survey 1","","1023","Question 36","Daily Survey 1 ID 10","Item 74","Question","Item 77","Did the pain you experienced last night interfere with your ability to sleep?",0,NA,NA,NA,NA,NA,"73","Q_36","Multiple Choice","integer",FALSE
"Daily Survey 1","","1024","Question 37","Daily Survey 1 ID 10","Item 75","Question","Item 77","End block",21,NA,NA,NA,NA,NA,"73","Q_37","End Block",NA,FALSE
"Daily Survey 1","","1025","Question 38","Daily Survey 1 ID 10","Item 78","Question","Item 79","End block",21,NA,NA,NA,NA,NA,"76","Q_38","End Block",NA,FALSE
"Daily Survey 1","","1026","Question 39","Daily Survey 1 ID 10","Item 80","Question","Daily Survey 1 ID 10","Thank you once again for participating in our study.",6,NA,NA,NA,NA,NA,NA,"Q_39","Informational Fullscreen",NA,FALSE
"Daily Survey 1","","1027","Question 118","Daily Survey 1 ID 10","Item 47","Question","Item 81","The idea of using drugs has intruded upon my thoughts.",3,NA,NA,NA,NA,NA,NA,"Q_118","Slider","numeric",FALSE
"Daily Survey 1","","1028","Question 119","Daily Survey 1 ID 10","Item 48","Question","Item 81","I have missed the feeling drugs can give me.",3,NA,NA,NA,NA,NA,NA,"Q_119","Slider","numeric",FALSE
"Daily Survey 1","","1029","Question 120","Daily Survey 1 ID 10","Item 49","Question","Item 81","I have thought about how satisfying drugs can be.",3,NA,NA,NA,NA,NA,NA,"Q_120","Slider","numeric",FALSE
"Daily Survey 1","","1030","Question 121","Daily Survey 1 ID 10","Item 50","Question","Item 81","I felt as if all the bad things in my life would disappear if I used drugs.",3,NA,NA,NA,NA,NA,NA,"Q_121","Slider","numeric",FALSE
"Daily Survey 1","","1031","Question 122","Daily Survey 1 ID 10","Item 51","Question","Item 81","I felt I would be less worried about my daily problems if I used drugs.",3,NA,NA,NA,NA,NA,NA,"Q_122","Slider","numeric",FALSE
"Daily Survey 1","","1032","Question 123","Daily Survey 1 ID 10","Item 52","Question","Item 81","I felt I would be less tense if I used drugs.",3,NA,NA,NA,NA,NA,NA,"Q_123","Slider","numeric",FALSE
"Daily Survey 1","","1033","Question 124","Daily Survey 1 ID 10","Item 53","Question","Item 81","If I had started using drugs, I WOULD HAVE been able to stop.",3,NA,NA,NA,NA,NA,NA,"Q_124","Slider","numeric",FALSE
"Daily Survey 1","","1034","Question 125","Daily Survey 1 ID 10","Item 54","Question","Item 81","If I were offered drugs, I WOULD HAVE used them.",3,NA,NA,NA,NA,NA,NA,"Q_125","Slider","numeric",FALSE
"Daily Survey 1","","1035","Question 126","Daily Survey 1 ID 10","Item 55","Question","Item 81","If I had used drugs, I could easily limit how much I used.",3,NA,NA,NA,NA,NA,NA,"Q_126","Slider","numeric",FALSE
"Daily Survey 2","","111","Question 44","Daily Survey 2 ID 11","Item 82","Question","Daily Survey 2 ID 11","Thank you for participating in our study. These questions ask about your experiences  since late afternoon.",6,NA,NA,NA,NA,NA,NA,"Q_44","Informational Fullscreen",NA,FALSE
"Daily Survey 2","","112","Question 45","Daily Survey 2 ID 11","Item 83","Question","Daily Survey 2 ID 11","This evening:",6,NA,NA,NA,NA,NA,NA,"Q_45","Informational Fullscreen",NA,FALSE
"Daily Survey 2","","113","Question 136","Daily Survey 2 ID 11","Item 47","Question","Item 84","The idea of using drugs has intruded upon my thoughts.",3,NA,NA,NA,NA,NA,NA,"Q_136","Slider","numeric",FALSE
"Daily Survey 2","","114","Question 137","Daily Survey 2 ID 11","Item 48","Question","Item 84","I have missed the feeling drugs can give me.",3,NA,NA,NA,NA,NA,NA,"Q_137","Slider","numeric",FALSE
"Daily Survey 2","","115","Question 138","Daily Survey 2 ID 11","Item 49","Question","Item 84","I have thought about how satisfying drugs can be.",3,NA,NA,NA,NA,NA,NA,"Q_138","Slider","numeric",FALSE
"Daily Survey 2","","116","Question 139","Daily Survey 2 ID 11","Item 50","Question","Item 84","I felt as if all the bad things in my life would disappear if I used drugs.",3,NA,NA,NA,NA,NA,NA,"Q_139","Slider","numeric",FALSE
"Daily Survey 2","","117","Question 140","Daily Survey 2 ID 11","Item 51","Question","Item 84","I felt I would be less worried about my daily problems if I used drugs.",3,NA,NA,NA,NA,NA,NA,"Q_140","Slider","numeric",FALSE
"Daily Survey 2","","118","Question 141","Daily Survey 2 ID 11","Item 52","Question","Item 84","I felt I would be less tense if I used drugs.",3,NA,NA,NA,NA,NA,NA,"Q_141","Slider","numeric",FALSE
"Daily Survey 2","","119","Question 142","Daily Survey 2 ID 11","Item 53","Question","Item 84","If I had started using drugs, I WOULD HAVE been able to stop.",3,NA,NA,NA,NA,NA,NA,"Q_142","Slider","numeric",FALSE
"Daily Survey 2","","1110","Question 143","Daily Survey 2 ID 11","Item 54","Question","Item 84","If I were offered drugs, I WOULD HAVE used them.",3,NA,NA,NA,NA,NA,NA,"Q_143","Slider","numeric",FALSE
"Daily Survey 2","","1111","Question 144","Daily Survey 2 ID 11","Item 55","Question","Item 84","If I had used drugs, I could easily limit how much I used.",3,NA,NA,NA,NA,NA,NA,"Q_144","Slider","numeric",FALSE
"Daily Survey 2","","1112","Question 145","Daily Survey 2 ID 11","Item 85","Question","Daily Survey 2 ID 11","This evening, to what extent have you felt:",17,NA,NA,NA,NA,NA,NA,"Q_145","Multiple Slider",NA,TRUE
"Daily Survey 2","","1113","Question 146","Daily Survey 2 ID 11","Item 86","Question","Daily Survey 2 ID 11","This evening, to what extent have you felt:",17,NA,NA,NA,NA,NA,NA,"Q_146","Multiple Slider",NA,TRUE
"Daily Survey 2","","1114","Question 147","Daily Survey 2 ID 11","Item 87","Question","Daily Survey 2 ID 11","This evening, to what extent have you felt:",17,NA,NA,NA,NA,NA,NA,"Q_147","Multiple Slider",NA,TRUE
"Daily Survey 2","","1115","Question 148","Daily Survey 2 ID 11","Item 88","Question","Daily Survey 2 ID 11","This evening, to what extent have you experienced WITHDRAWAL symptoms?",3,NA,NA,NA,NA,NA,NA,"Q_148","Slider","numeric",FALSE
"Daily Survey 2","","1116","Question 149","Daily Survey 2 ID 11","Item 89","Question","Daily Survey 2 ID 11","This evening, how FREQUENT were your drug CRAVINGS?",3,NA,NA,NA,NA,NA,NA,"Q_149","Slider","numeric",FALSE
"Daily Survey 2","","1117","Question 150","Daily Survey 2 ID 11","Item 90","Question","Daily Survey 2 ID 11","This evening, how STRONG were your STRONGEST DRUG CRAVINGS?",3,NA,NA,NA,NA,NA,NA,"Q_150","Slider","numeric",FALSE
"Daily Survey 2","","1118","Question 151","Daily Survey 2 ID 11","Item 91","Question","Daily Survey 2 ID 11","This evening, to what extent have you felt:",17,NA,NA,NA,NA,NA,NA,"Q_151","Multiple Slider",NA,TRUE
"Daily Survey 2","","1119","Question 152","Daily Survey 2 ID 11","Item 92","Question","Daily Survey 2 ID 11","This evening:",17,NA,NA,NA,NA,NA,NA,"Q_152","Multiple Slider",NA,TRUE
"Daily Survey 2","","1120","Question 63","Daily Survey 2 ID 11","Item 107","Question","Item 93","The following questions ask about your sleep.",6,NA,NA,NA,NA,NA,NA,"Q_63","Informational Fullscreen",NA,FALSE
"Daily Survey 2","","1121","Question 64","Daily Survey 2 ID 11","Item 76","Question","Item 93","Did you sleep last night?",0,NA,"77","78","1","1",NA,"Q_64","Multiple Choice","integer",FALSE
"Daily Survey 2","","1122","Question 65","Daily Survey 2 ID 11","Item 66","Question","Item 77","What time did you get into bed last night?",1,NA,NA,NA,NA,NA,NA,"Q_65","Time Picker","integer",FALSE
"Daily Survey 2","","1123","Question 66","Daily Survey 2 ID 11","Item 67","Question","Item 77","What time did you get out of bed for the day this morning?",1,NA,NA,NA,NA,NA,NA,"Q_66","Time Picker","integer",FALSE
"Daily Survey 2","","1124","Question 67","Daily Survey 2 ID 11","Item 68","Question","Item 77","How long do you think it took you to fall asleep last night?",0,NA,NA,NA,NA,NA,NA,"Q_67","Multiple Choice","integer",FALSE
"Daily Survey 2","","1125","Question 68","Daily Survey 2 ID 11","Item 69","Question","Item 77","How many times did you wake up last night?",2,NA,NA,NA,NA,NA,NA,"Q_68","Reducing Slider","integer",FALSE
"Daily Survey 2","","1125","Question 68","Daily Survey 2 ID 11","Item 69","Question","Item 77","How many times did you wake up last night?",2,NA,NA,NA,NA,NA,NA,"Q_68","Time Scale Slider","integer",FALSE
"Daily Survey 2","","1125","Question 68","Daily Survey 2 ID 11","Item 69","Question","Item 77","How many times did you wake up last night?",2,NA,NA,NA,NA,NA,NA,"Q_68","Unit Scale Slider","integer",FALSE
"Daily Survey 2","","1126","Question 69","Daily Survey 2 ID 11","Item 70","Question","Item 77","How long do you think you were awake during the night?",2,NA,NA,NA,NA,NA,NA,"Q_69","Reducing Slider","integer",FALSE
"Daily Survey 2","","1126","Question 69","Daily Survey 2 ID 11","Item 70","Question","Item 77","How long do you think you were awake during the night?",2,NA,NA,NA,NA,NA,NA,"Q_69","Time Scale Slider","integer",FALSE
"Daily Survey 2","","1126","Question 69","Daily Survey 2 ID 11","Item 70","Question","Item 77","How long do you think you were awake during the night?",2,NA,NA,NA,NA,NA,NA,"Q_69","Unit Scale Slider","integer",FALSE
"Daily Survey 2","","1127","Question 117","Daily Survey 2 ID 11","Item 71","Question","Item 77","How would you evaluate your sleep last night?",3,NA,NA,NA,NA,NA,NA,"Q_117","Slider","numeric",FALSE
"Daily Survey 2","","1128","Question 71","Daily Survey 2 ID 11","Item 72","Question","Item 77","How long do you think you slept last night?",2,NA,NA,NA,NA,NA,NA,"Q_71","Reducing Slider","integer",FALSE
"Daily Survey 2","","1128","Question 71","Daily Survey 2 ID 11","Item 72","Question","Item 77","How long do you think you slept last night?",2,NA,NA,NA,NA,NA,NA,"Q_71","Time Scale Slider","integer",FALSE
"Daily Survey 2","","1128","Question 71","Daily Survey 2 ID 11","Item 72","Question","Item 77","How long do you think you slept last night?",2,NA,NA,NA,NA,NA,NA,"Q_71","Unit Scale Slider","integer",FALSE
"Daily Survey 2","","1129","Question 72","Daily Survey 2 ID 11","Item 73","Question","Item 77","Did you experience pain or discomfort during your night time sleep period?",0,NA,"74","75","2","3",NA,"Q_72","Multiple Choice","integer",FALSE
"Daily Survey 2","","1130","Question 73","Daily Survey 2 ID 11","Item 74","Question","Item 77","Did the pain you experienced last night interfere with your ability to sleep?",0,NA,NA,NA,NA,NA,"73","Q_73","Multiple Choice","integer",FALSE
"Daily Survey 2","","1131","Question 74","Daily Survey 2 ID 11","Item 75","Question","Item 77","End block",21,NA,NA,NA,NA,NA,"73","Q_74","End Block",NA,FALSE
"Daily Survey 2","","1132","Question 75","Daily Survey 2 ID 11","Item 78","Question","Item 93","End block",21,NA,NA,NA,NA,NA,"76","Q_75","End Block",NA,FALSE
"Daily Survey 2","","1133","Question 76","Daily Survey 2 ID 11","Item 94","Question","Daily Survey 2 ID 11","These questions ask about your entire day.",6,NA,NA,NA,NA,NA,NA,"Q_76","Informational Fullscreen",NA,FALSE
"Daily Survey 2","","1134","Question 153","Daily Survey 2 ID 11","Item 95","Question","Daily Survey 2 ID 11","Indicate the average intensity of pain (if any) you experienced today.",3,NA,NA,NA,NA,NA,NA,"Q_153","Slider","numeric",FALSE
"Daily Survey 2","","1135","Question 154","Daily Survey 2 ID 11","Item 96","Question","Daily Survey 2 ID 11","Indicate the average amount of discomfort (if any) you experienced today.",3,NA,NA,NA,NA,NA,NA,"Q_154","Slider","numeric",FALSE
"Daily Survey 2","","1136","Question 79","Daily Survey 2 ID 11","Item 97","Question","Daily Survey 2 ID 11","Did the pain or discomfort you experienced today interfere with your ability to sleep?",0,NA,NA,NA,NA,NA,NA,"Q_79","Multiple Choice","integer",FALSE
"Daily Survey 2","","1137","Question 80","Daily Survey 2 ID 11","Item 98","Question","Daily Survey 2 ID 11","Did the pain or discomfort you experienced today interfere with your ability to complete normal daily tasks?",0,NA,NA,NA,NA,NA,NA,"Q_80","Multiple Choice","integer",FALSE
"Daily Survey 2","","1138","Question 100","Daily Survey 2 ID 11","Item 99","Question","Daily Survey 2 ID 11","Did the pain or discomfort you experienced today interfere with your ability to focus <u>mentally</u> on tasks?",0,NA,NA,NA,NA,NA,NA,"Q_100","Multiple Choice","integer",FALSE
"Daily Survey 2","","1139","Question 82","Daily Survey 2 ID 11","Item 102","Question","Daily Survey 2 ID 11","Did you eat other than at a meal time (e.g. snacks) since the last survey?",0,NA,"103","104","1","1",NA,"Q_82","Multiple Choice","integer",FALSE
"Daily Survey 2","","1140","Question 155","Daily Survey 2 ID 11","Item 100","Question","Item 103","How much did you eat?",3,NA,NA,NA,NA,NA,NA,"Q_155","Slider","numeric",FALSE
"Daily Survey 2","","1141","Question 156","Daily Survey 2 ID 11","Item 101","Question","Item 103","To what extent did you feel FULL after eating?",3,NA,NA,NA,NA,NA,NA,"Q_156","Slider","numeric",FALSE
"Daily Survey 2","","1142","Question 85","Daily Survey 2 ID 11","Item 104","Question","Daily Survey 2 ID 11","How many cigarettes did you smoke from waking up today till now?",2,NA,NA,NA,NA,NA,"102","Q_85","Reducing Slider","integer",FALSE
"Daily Survey 2","","1142","Question 85","Daily Survey 2 ID 11","Item 104","Question","Daily Survey 2 ID 11","How many cigarettes did you smoke from waking up today till now?",2,NA,NA,NA,NA,NA,"102","Q_85","Time Scale Slider","integer",FALSE
"Daily Survey 2","","1142","Question 85","Daily Survey 2 ID 11","Item 104","Question","Daily Survey 2 ID 11","How many cigarettes did you smoke from waking up today till now?",2,NA,NA,NA,NA,NA,"102","Q_85","Unit Scale Slider","integer",FALSE
"Daily Survey 2","","1143","Question 86","Daily Survey 2 ID 11","Item 105","Question","Daily Survey 2 ID 11","Thank you once again for participating in our study.",6,NA,NA,NA,NA,NA,NA,"Q_86","Informational Fullscreen",NA,FALSE
"Self-elect Survey","","121","Question 95","Self-elect Survey ID 12","Item 120","Question","Self-elect Survey ID 12","The following question will allow you to proceed to the next burst in the study. If not eligible to proceed at this time, you will not see the authorization question and can check back later.",6,NA,NA,NA,NA,NA,NA,"Q_95","Informational Fullscreen",NA,FALSE
"Self-elect Survey","","122","Question 96","Self-elect Survey ID 12","Item 121","Question","Self-elect Survey ID 12","Congratulations! You are eligible to proceed with the study. Choose 'Yes' if you wish to proceed, or 'No' if you need more time. The next burst will begin immediately if you choose 'Yes'.",0,NA,NA,NA,NA,NA,NA,"Q_96","Multiple Choice","integer",FALSE
"Self-elect Survey","","123","Question 97","Self-elect Survey ID 12","Item 122","Question","Self-elect Survey ID 12","Thank you once again for participating in our study.",6,NA,NA,NA,NA,NA,NA,"Q_97","Informational Fullscreen",NA,FALSE
"Intake Survey 2","","311","Question 1517","Intake Survey 2 ID 31","Item 1474","Question","Intake Survey 2 ID 31","Choose a time near the middle of your day that you are likely to have time to answer a survey",1,NA,NA,NA,NA,NA,NA,"Q_1517","Time Picker","integer",FALSE
"Intake Survey 2","","312","Question 1518","Intake Survey 2 ID 31","Item 1475","Question","Intake Survey 2 ID 31","Choose a time near the end of your day that you are likely to have time to answer a survey",1,NA,NA,NA,NA,NA,NA,"Q_1518","Time Picker","integer",FALSE
NA,NA,NA,NA,"Intake Survey ID 9","Item 112","Block","Intake Survey ID 9",NA,NA,NA,NA,NA,NA,NA,NA,NA,NA,NA,NA
NA,NA,NA,NA,"Intake Survey ID 9","Item 113","Block","Intake Survey ID 9",NA,NA,NA,NA,NA,NA,NA,NA,NA,NA,NA,NA
NA,NA,NA,NA,"Daily Survey 1 ID 10","Item 81","Block","Daily Survey 1 ID 10",NA,NA,NA,NA,NA,NA,NA,NA,NA,NA,NA,NA
NA,NA,NA,NA,"Daily Survey 1 ID 10","Item 79","Block","Daily Survey 1 ID 10",NA,NA,NA,NA,NA,NA,NA,NA,NA,NA,NA,NA
NA,NA,NA,NA,"Daily Survey 1 ID 10","Item 77","Block","Item 79",NA,NA,NA,NA,NA,NA,NA,NA,NA,NA,NA,NA
NA,NA,NA,NA,"Daily Survey 2 ID 11","Item 84","Block","Daily Survey 2 ID 11",NA,NA,NA,NA,NA,NA,NA,NA,NA,NA,NA,NA
NA,NA,NA,NA,"Daily Survey 2 ID 11","Item 93","Block","Daily Survey 2 ID 11",NA,NA,NA,NA,NA,NA,NA,NA,NA,NA,NA,NA
NA,NA,NA,NA,"Daily Survey 2 ID 11","Item 77","Block","Item 93",NA,NA,NA,NA,NA,NA,NA,NA,NA,NA,NA,NA
NA,NA,NA,NA,"Daily Survey 2 ID 11","Item 103","Block","Daily Survey 2 ID 11",NA,NA,NA,NA,NA,NA,NA,NA,NA,NA,NA,NA
