"Survey.LongName","Group","Survey.QID","Question.ID","Survey","Item.ID","Item.Type","Parent","NA.","Question.Text","Question.Type","Conditional.Child.Item.ID","Conditional.Fail.Item.ID","Conditional.Threshold","Conditional.Type","Conditional.Master.Item.ID","QID","Question.Type.Display.Name","Result.Type","Multiple.Question.Type"
"Daily Diary",1057,469,"Question ","Daily Diary",NA,NA,NA,NA,NA,NA,NA,NA,NA,NA,NA,NA,NA,NA,NA
"Daily Diary",NA,4701,"Question 8176","Daily Diary","Item 7605","Question","Item 7677",NA,"Did you receive support or help today? <br /> SELECT ALL THAT APPLY: <br /> (Scroll down for all responses)",7,7606,7607,6,2,NA,"Q_8176","Multiple Select","integer",TRUE
"Daily Diary",NA,4702,"Question 8066","Daily Diary","Item 7606","Question","Item 7677",NA,"Whom did you receive this practical support from today? <b>SELECT ALL THAT APPLY</b> (Scroll down for all responses)",7,NA,NA,NA,NA,7605,"Q_8066","Multiple Select","integer",TRUE
"Daily Diary",NA,4703,"Question 8177","Daily Diary","Item 7607","Question","Item 7677",NA,"Did you receive emotional or interpersonal assistance, support, or help today in any of the following areas? <br /> SELECT  ALL THAT APPLY <br /> (Scroll down for all responses)",7,7608,7609,5,2,7605,"Q_8177","Multiple Select","integer",TRUE
"Daily Diary",NA,4704,"Question 8178","Daily Diary","Item 7608","Question","Item 7677",NA,"Whom did you receive this support from today? <br /> SELECT ALL THAT APPLY <br /> (Scroll down for all responses)",7,NA,NA,NA,NA,7607,"Q_8178","Multiple Select","integer",TRUE
"Daily Diary",NA,4705,"Question 8069","Daily Diary","Item 7609","Question","Item 7677",NA,"How much time did you spend at a recovery community center (RCC) today? (Scroll down for all responses)",0,7615,7616,2,3,7607,"Q_8069","Multiple Choice","integer",FALSE
"Daily Diary",NA,4706,"Question 8070","Daily Diary","Item 7610","Question","Item 7615",NA,"While AT a Recovery Center, which of the following activities/services did you take part in? <u>Please check all that apply</u> <br /> (Scroll down for all responses)",7,NA,NA,NA,NA,NA,"Q_8070","Multiple Select","integer",TRUE
"Daily Diary",NA,4707,"Question 8179","Daily Diary","Item 7679","Question","Item 7615",NA,"Please specify activity:",11,NA,NA,NA,NA,NA,"Q_8179","Free Response","character",FALSE
"Daily Diary",NA,4708,"Question 8071","Daily Diary","Item 7611","Question","Item 7613",NA,"Which recovery support meetings did you attend today? Check all that apply. <br /> (Scroll down for all responses)",7,NA,NA,NA,NA,NA,"Q_8071","Multiple Select","integer",TRUE
"Daily Diary",NA,4709,"Question 8072","Daily Diary","Item 7621","Question","Item 7615",NA,"When thinking about your time at the Recovery Center today...",6,NA,NA,NA,NA,NA,"Q_8072","Informational Fullscreen",NA,FALSE
"Daily Diary",NA,47010,"Question 8073","Daily Diary","Item 7612","Question","Item 7615",NA,"How helpful was being at the Recovery Center to your recovery?",3,NA,NA,NA,NA,NA,"Q_8073","Slider","numeric",FALSE
"Daily Diary",NA,47011,"Question 8074","Daily Diary","Item 7614","Question","Item 7615",NA,"How helpful was being at the Recovery Center to your overall well-being?",3,NA,NA,NA,NA,NA,"Q_8074","Slider","numeric",FALSE
"Daily Diary",NA,47012,"Question 8075","Daily Diary","Item 7616","Question","Item 7677",NA,"Do you reside in a recovery house?",0,7636,7635,1,1,7609,"Q_8075","Multiple Choice","integer",FALSE
"Daily Diary",NA,47013,"Question 8076","Daily Diary","Item 7617","Question","Item 7636",NA,"How much time did you spend at a recovery house today (NOT counting sleeping time)?<br /><br />(Scroll down for all responses)",0,7637,7638,2,3,NA,"Q_8076","Multiple Choice","integer",FALSE
"Daily Diary",NA,47014,"Question 8077","Daily Diary","Item 7618","Question","Item 7637",NA,"While AT YOUR RECOVERY HOUSE, which of the following activities/services did you take part in? <u>Please check all that apply</u> <br /> (Scroll down for all responses)",7,NA,NA,NA,NA,NA,"Q_8077","Multiple Select","integer",TRUE
"Daily Diary",NA,47015,"Question 8078","Daily Diary","Item 7619","Question","Item 7637",NA,"Please specify activity:",11,NA,NA,NA,NA,NA,"Q_8078","Free Response","character",FALSE
"Daily Diary",NA,47016,"Question 8079","Daily Diary","Item 7620","Question","Item 7637",NA,"Please check off any recovery support meetings you attended today? Select all that apply <br /> (Scroll down for all responses)",7,NA,NA,NA,NA,NA,"Q_8079","Multiple Select","integer",TRUE
"Daily Diary",NA,47017,"Question 8080","Daily Diary","Item 7622","Question","Item 7637",NA,"When thinking about your time at the recovery house today...",6,NA,NA,NA,NA,NA,"Q_8080","Informational Fullscreen",NA,FALSE
"Daily Diary",NA,47018,"Question 8081","Daily Diary","Item 7623","Question","Item 7637",NA,"How helpful was being at the recovery house to your recovery?",3,NA,NA,NA,NA,NA,"Q_8081","Slider","numeric",FALSE
"Daily Diary",NA,47019,"Question 8082","Daily Diary","Item 7624","Question","Item 7637",NA,"How helpful was being at the recovery house to your overall well-being?",3,NA,NA,NA,NA,NA,"Q_8082","Slider","numeric",FALSE
"Daily Diary",NA,47020,"Question 8083","Daily Diary","Item 7638","Question","Item 7636",NA,"End Block",21,NA,NA,NA,NA,7617,"Q_8083","End Block",NA,FALSE
"Daily Diary",NA,47021,"Question 8084","Daily Diary","Item 7625","Question","Item 7635",NA,"While NOT AT A RCC OR RECOVERY HOUSE, which of the following activities/services did you take part in?  <u>Please check all that apply</u> <br /> (Scroll down for all responses)",7,NA,NA,NA,NA,NA,"Q_8084","Multiple Select","integer",TRUE
"Daily Diary",NA,47022,"Question 8085","Daily Diary","Item 7626","Question","Item 7635",NA,"Please specify activity:",11,NA,NA,NA,NA,NA,"Q_8085","Free Response","character",FALSE
"Daily Diary",NA,47023,"Question 8180","Daily Diary","Item 7628","Question","Item 7630",NA,"Please check off any recovery support meetings you attended today while NOT AT A RCC OR RECOVERY HOUSE? Select all that apply. <br /> (Scroll down for all responses)",7,NA,NA,NA,NA,NA,"Q_8180","Multiple Select","integer",TRUE
"Daily Diary",NA,47024,"Question 8087","Daily Diary","Item 7629","Question","Item 7630",NA,"Where did you attend the meeting or meetings? Select all that apply <br /> (Scroll down for all responses)",7,NA,NA,NA,NA,NA,"Q_8087","Multiple Select","integer",TRUE
"Daily Diary",NA,47025,"Question 8088","Daily Diary","Item 7631","Question","Item 7635",NA,"When thinking about your full day...",6,NA,NA,NA,NA,NA,"Q_8088","Informational Fullscreen",NA,FALSE
"Daily Diary",NA,47026,"Question 8089","Daily Diary","Item 7632","Question","Item 7635",NA,"How helpful were your day’s experiences to your recovery?",3,NA,NA,NA,NA,NA,"Q_8089","Slider","numeric",FALSE
"Daily Diary",NA,47027,"Question 8090","Daily Diary","Item 7633","Question","Item 7635",NA,"How helpful were your day’s experiences to your overall well-being?",3,NA,NA,NA,NA,NA,"Q_8090","Slider","numeric",FALSE
"Daily Diary",NA,47028,"Question 8181","Daily Diary","Item 7639","Question","Item 7635",NA,"If you did not go to a recovery support meeting today, what was the reason? Check off all that apply. <br /> (Scroll down for all responses)",7,NA,NA,NA,NA,NA,"Q_8181","Multiple Select","integer",TRUE
"Daily Diary",NA,47029,"Question 8092","Daily Diary","Item 7640","Question","Item 7635",NA,"How difficult was it to get where you needed to go today?",0,NA,NA,NA,NA,NA,"Q_8092","Multiple Choice","integer",FALSE
"Daily Diary",NA,47030,"Question 8093","Daily Diary","Item 7641","Question","Item 7635",NA,"Did you work for pay today?",0,NA,NA,NA,NA,NA,"Q_8093","Multiple Choice","integer",FALSE
"Daily Diary",NA,47031,"Question 8094","Daily Diary","Item 7642","Question","Item 7647",NA,"I ENJOYED work",3,NA,NA,NA,NA,NA,"Q_8094","Slider","numeric",FALSE
"Daily Diary",NA,47032,"Question 8095","Daily Diary","Item 7643","Question","Item 7647",NA,"I felt COMPETENT at work",3,NA,NA,NA,NA,NA,"Q_8095","Slider","numeric",FALSE
"Daily Diary",NA,47033,"Question 8096","Daily Diary","Item 7644","Question","Item 7647",NA,"I felt a sense of ACCOMPLISHMENT at work",3,NA,NA,NA,NA,NA,"Q_8096","Slider","numeric",FALSE
"Daily Diary",NA,47034,"Question 8097","Daily Diary","Item 7645","Question","Item 7647",NA,"I felt CONNECTED to my work or with other people at work",3,NA,NA,NA,NA,NA,"Q_8097","Slider","numeric",FALSE
"Daily Diary",NA,47035,"Question 8098","Daily Diary","Item 7646","Question","Item 7648",NA,"Why did you not go to work?",0,NA,NA,NA,NA,NA,"Q_8098","Multiple Choice","integer",FALSE
"Daily Diary",NA,47036,"Question 8099","Daily Diary","Item 7649","Question","Item 7635",NA,"The following questions ask about how you have felt today <br /> Click below to continue",6,NA,NA,NA,NA,NA,"Q_8099","Informational Fullscreen",NA,FALSE
"Daily Diary",NA,47037,"Question 8100","Daily Diary","Item 7652","Question","Item 7657",NA,"Today...",6,NA,NA,NA,NA,NA,"Q_8100","Informational Fullscreen",NA,FALSE
"Daily Diary",NA,47038,"Question 8101","Daily Diary","Item 7650","Question","Item 7657",NA,"How FREQUENT have your alcohol or drug cravings been?",3,NA,NA,NA,NA,NA,"Q_8101","Slider","numeric",FALSE
"Daily Diary",NA,47039,"Question 8102","Daily Diary","Item 7651","Question","Item 7657",NA,"How INTENSE have your alcohol or drug cravings been?",3,NA,NA,NA,NA,NA,"Q_8102","Slider","numeric",FALSE
"Daily Diary",NA,47040,"Question 8103","Daily Diary","Item 7653","Question","Item 7657",NA,"TODAY, have you felt any...",6,NA,NA,NA,NA,NA,"Q_8103","Informational Fullscreen",NA,FALSE
"Daily Diary",NA,47041,"Question 8104","Daily Diary","Item 7654","Question","Item 7657",NA,"PHYSICAL DISCOMFORT?",3,NA,NA,NA,NA,NA,"Q_8104","Slider","numeric",FALSE
"Daily Diary",NA,47042,"Question 8105","Daily Diary","Item 7655","Question","Item 7657",NA,"PHYSICAL PAIN?",3,NA,NA,NA,NA,NA,"Q_8105","Slider","numeric",FALSE
"Daily Diary",NA,47043,"Question 8106","Daily Diary","Item 7656","Question","Item 7657",NA,"TODAY, have you felt... <br /><br /> (Scroll down for all responses)",17,NA,NA,NA,NA,NA,"Q_8106","Multiple Slider",NA,TRUE
"Daily Diary",NA,47044,"Question 8107","Daily Diary","Item 7658","Question","Item 7635",NA,"Please think of your experiences throughout THE ENTIRE DAY",6,NA,NA,NA,NA,NA,"Q_8107","Informational Fullscreen",NA,FALSE
"Daily Diary",NA,47045,"Question 8108","Daily Diary","Item 7659","Question","Item 7665",NA,"My day has been... <br /><br /> (Scroll down for all responses)",17,NA,NA,NA,NA,NA,"Q_8108","Multiple Slider",NA,TRUE
"Daily Diary",NA,47046,"Question 8109","Daily Diary","Item 7660","Question","Item 7665",NA,"THINKING ABOUT TODAY, I feel like... <br /><br /> (Scroll down for all responses)",17,NA,NA,NA,NA,NA,"Q_8109","Multiple Slider",NA,TRUE
"Daily Diary",NA,47047,"Question 8110","Daily Diary","Item 7661","Question","Item 7665",NA,"When thinking about tomorrow, I think tomorrow will be... <br /><br /> (Scroll down for all responses)",17,NA,NA,NA,NA,NA,"Q_8110","Multiple Slider",NA,TRUE
"Daily Diary",NA,47048,"Question 8111","Daily Diary","Item 7662","Question","Item 7665",NA,"I’m worried about my ability to...",6,NA,NA,NA,NA,NA,"Q_8111","Informational Fullscreen",NA,FALSE
"Daily Diary",NA,47049,"Question 8112","Daily Diary","Item 7663","Question","Item 7665",NA,"Maintain MY RECOVERY tomorrow",3,NA,NA,NA,NA,NA,"Q_8112","Slider","numeric",FALSE
"Daily Diary",NA,47050,"Question 8113","Daily Diary","Item 7664","Question","Item 7665",NA,"Maintain MY GENERAL WELLBEING tomorrow",3,NA,NA,NA,NA,NA,"Q_8113","Slider","numeric",FALSE
"Daily Diary",NA,47051,"Question 8183","Daily Diary","Item 7690","Question","Item 7675",NA,"Did you interact in-person, or by phone, text, or social media with your child(ren) today?",0,7673,7674,2,1,NA,"Q_8183","Multiple Choice","integer",FALSE
"Daily Diary",NA,47052,"Question 8648","Daily Diary","Item 7667","Question","Item 7673",NA,"Please ""check off"" all the ways in which you interacted with your kid or kids today: <br /> (Scroll down for all responses)",7,NA,NA,NA,NA,NA,"Q_8648","Multiple Select","integer",TRUE
"Daily Diary",NA,47053,"Question 8182","Daily Diary","Item 7668","Question","Item 7673",NA,"How much did you interact with your child or children today?",2,NA,NA,NA,NA,NA,"Q_8182","Reducing Slider","integer",FALSE
"Daily Diary",NA,47053,"Question 8182","Daily Diary","Item 7668","Question","Item 7673",NA,"How much did you interact with your child or children today?",2,NA,NA,NA,NA,NA,"Q_8182","Time Scale Slider","integer",FALSE
"Daily Diary",NA,47053,"Question 8182","Daily Diary","Item 7668","Question","Item 7673",NA,"How much did you interact with your child or children today?",2,NA,NA,NA,NA,NA,"Q_8182","Unit Scale Slider","integer",FALSE
"Daily Diary",NA,47054,"Question 8117","Daily Diary","Item 7669","Question","Item 7673",NA,"Thinking of all your interactions with your child(ren) today --OVERALL how POSITIVE were they?",3,NA,NA,NA,NA,NA,"Q_8117","Slider","numeric",FALSE
"Daily Diary",NA,47055,"Question 8118","Daily Diary","Item 7670","Question","Item 7673",NA,"Thinking of all your interactions with your child(ren) today --OVERALL how NEGATIVE were they?",3,NA,NA,NA,NA,NA,"Q_8118","Slider","numeric",FALSE
"Daily Diary",NA,47056,"Question 8119","Daily Diary","Item 7671","Question","Item 7673",NA,"Thinking of all your interactions with your child(ren) today --OVERALL how FULFILLING were they?",3,NA,NA,NA,NA,NA,"Q_8119","Slider","numeric",FALSE
"Daily Diary",NA,47057,"Question 8120","Daily Diary","Item 7672","Question","Item 7673",NA,"Thinking of all your interactions with your child(ren) today --OVERALL how FRUSTRATING were they?",3,NA,NA,NA,NA,NA,"Q_8120","Slider","numeric",FALSE
"Daily Diary",NA,47058,"Question 8121","Daily Diary","Item 7674","Question","Item 7675",NA,"End Block",21,NA,NA,NA,NA,7690,"Q_8121","End Block",NA,FALSE
"Daily Diary",NA,47059,"Question 8122","Daily Diary","Item 7676","Question","Item 7635",NA,"OPTIONAL DAILY REFLECTION: Describe what was challenging and/or good about your day and how you feel about it (about recovery or not):  Up to around 100 words",11,NA,NA,NA,NA,NA,"Q_8122","Free Response","character",FALSE
"Daily Diary",NA,NA,NA,"Daily Diary","Item 7677","Block","Daily Diary",NA,NA,NA,NA,NA,NA,NA,NA,NA,NA,NA,NA
"Daily Diary",NA,NA,NA,"Daily Diary","Item 7615","Block","Item 7677",NA,NA,NA,NA,NA,NA,NA,NA,NA,NA,NA,NA
"Daily Diary",NA,NA,NA,"Daily Diary","Item 7636","Block","Item 7677",NA,NA,NA,NA,NA,NA,NA,NA,NA,NA,NA,NA
"Daily Diary",NA,NA,NA,"Daily Diary","Item 7635","Block","Item 7677",NA,NA,NA,NA,NA,NA,NA,NA,NA,NA,NA,NA
"Daily Diary",NA,NA,NA,"Daily Diary","Item 7613","Block","Item 7615",NA,NA,NA,NA,NA,NA,NA,NA,NA,NA,NA,NA
"Daily Diary",NA,NA,NA,"Daily Diary","Item 7637","Block","Item 7636",NA,NA,NA,NA,NA,NA,NA,NA,NA,NA,NA,NA
"Daily Diary",NA,NA,NA,"Daily Diary","Item 7630","Block","Item 7635",NA,NA,NA,NA,NA,NA,NA,NA,NA,NA,NA,NA
"Daily Diary",NA,NA,NA,"Daily Diary","Item 7647","Block","Item 7635",NA,NA,NA,NA,NA,NA,NA,NA,NA,NA,NA,NA
"Daily Diary",NA,NA,NA,"Daily Diary","Item 7648","Block","Item 7635",NA,NA,NA,NA,NA,NA,NA,NA,NA,NA,NA,NA
"Daily Diary",NA,NA,NA,"Daily Diary","Item 7657","Block","Item 7635",NA,NA,NA,NA,NA,NA,NA,NA,NA,NA,NA,NA
"Daily Diary",NA,NA,NA,"Daily Diary","Item 7665","Block","Item 7635",NA,NA,NA,NA,NA,NA,NA,NA,NA,NA,NA,NA
"Daily Diary",NA,NA,NA,"Daily Diary","Item 7675","Block","Item 7635",NA,NA,NA,NA,NA,NA,NA,NA,NA,NA,NA,NA
"Daily Diary",NA,NA,NA,"Daily Diary","Item 7673","Block","Item 7675",NA,NA,NA,NA,NA,NA,NA,NA,NA,NA,NA,NA
"Daily Diary",NA,3651,"Question 5976","Daily Diary","Item 5734","Question","Daily Diary",NA,"What did you do today?",7,5792,5735,12,1,NA,"Q_5976","Multiple Select","integer",TRUE
"Daily Diary",NA,3653,"Question 5978","Daily Diary","Item 5736","Question","Daily Diary",NA,"Where did you spend time today?",7,NA,NA,NA,NA,NA,"Q_5978","Multiple Select","integer",TRUE
"Daily Diary",NA,3654,"Question 5979","Daily Diary","Item 5737","Question","Item 5745",NA,"How much time did you spend at the RCC today?",0,NA,NA,NA,NA,NA,"Q_5979","Multiple Choice","integer",FALSE
"Daily Diary",NA,3655,"Question 6022","Daily Diary","Item 5738","Question","Item 5745",NA,"Select all the activities taken part in or services used at the RCC today. Which of the following activities / services did you take part in at your RCC today? <u>Please check all that apply:</u>",7,5739,5740,10,1,NA,"Q_6022","Multiple Select","integer",TRUE
"Daily Diary",NA,3656,"Question 5981","Daily Diary","Item 5739","Question","Item 5745",NA,"Please write in other activity:",11,NA,NA,NA,NA,5738,"Q_5981","Free Response","character",FALSE
"Daily Diary",NA,3657,"Question 5982","Daily Diary","Item 5740","Question","Item 5745",NA,"When thinking about your time at the RCC today...",17,NA,NA,NA,NA,5738,"Q_5982","Multiple Slider",NA,TRUE
"Daily Diary",NA,3658,"Question 6023","Daily Diary","Item 5741","Question","Item 5745",NA,"When thinking about your time at the RCC today...",17,NA,NA,NA,NA,NA,"Q_6023","Multiple Slider",NA,TRUE
"Daily Diary",NA,3659,"Question 6074","Daily Diary","Item 5742","Question","Item 5746",NA,"While NOT AT YOUR RCC, which of the following activities /services did you take part in?",7,5743,5798,10,1,NA,"Q_6074","Multiple Select","integer",TRUE
"Daily Diary",NA,36510,"Question 5985","Daily Diary","Item 5743","Question","Item 5746",NA,"Please write in other activity:",11,NA,NA,NA,NA,5742,"Q_5985","Free Response","character",FALSE
"Daily Diary",NA,36512,"Question 5987","Daily Diary","Item 5748","Question","Daily Diary",NA,"Please check off any recovery support meetings you attended today?",7,5756,5757,2,3,NA,"Q_5987","Multiple Select","integer",TRUE
"Daily Diary",NA,36513,"Question 6024","Daily Diary","Item 5784","Question","Item 5756",NA,"Where did you attend the meeting (or meetings)?",7,5785,5750,7,1,NA,"Q_6024","Multiple Select","integer",TRUE
"Daily Diary",NA,36514,"Question 6025","Daily Diary","Item 5785","Question","Item 5756",NA,"Please write in other location:",11,NA,NA,NA,NA,5784,"Q_6025","Free Response","character",FALSE
"Daily Diary",NA,36515,"Question 6076","Daily Diary","Item 5750","Question","Item 5756",NA,"How useful was the meeting(s) for you?",3,NA,NA,NA,NA,5784,"Q_6076","Slider","numeric",FALSE
"Daily Diary",NA,36516,"Question 6077","Daily Diary","Item 5751","Question","Item 5756",NA,"How supportive did you find the meeting(s)?",3,NA,NA,NA,NA,NA,"Q_6077","Slider","numeric",FALSE
"Daily Diary",NA,36517,"Question 6078","Daily Diary","Item 5752","Question","Item 5756",NA,"How connected did you feel to others at the meeting(s)?",3,NA,NA,NA,NA,NA,"Q_6078","Slider","numeric",FALSE
"Daily Diary",NA,36518,"Question 6079","Daily Diary","Item 5753","Question","Item 5756",NA,"How engaged were you during the meeting(s)?",3,NA,NA,NA,NA,NA,"Q_6079","Slider","numeric",FALSE
"Daily Diary",NA,36519,"Question 6080","Daily Diary","Item 5754","Question","Item 5756",NA,"How much did you talk during the meeting(s)?",3,NA,NA,NA,NA,NA,"Q_6080","Slider","numeric",FALSE
"Daily Diary",NA,36520,"Question 6081","Daily Diary","Item 5755","Question","Item 5756",NA,"How comfortable were you during the meeting(s)?",3,NA,NA,NA,NA,NA,"Q_6081","Slider","numeric",FALSE
"Daily Diary",NA,36523,"Question 6040","Daily Diary","Item 5794","Question","Item 5763",NA,"Please specify:",11,NA,NA,NA,NA,5762,"Q_6040","Free Response","character",FALSE
"Daily Diary",NA,36525,"Question 5997","Daily Diary","Item 5764","Question","Daily Diary",NA,"The following questions ask about how you have felt this evening",6,NA,NA,NA,NA,NA,"Q_5997","Informational Fullscreen",NA,FALSE
"Daily Diary",NA,36526,"Question 5998","Daily Diary","Item 5765","Question","Daily Diary",NA,"THIS EVENING...",6,NA,NA,NA,NA,NA,"Q_5998","Informational Fullscreen",NA,FALSE
"Daily Diary",NA,36529,"Question 6001","Daily Diary","Item 5769","Question","Daily Diary",NA,"THIS EVENING, have you felt...",17,NA,NA,NA,NA,NA,"Q_6001","Multiple Slider",NA,TRUE
"Daily Diary",NA,36532,"Question 6004","Daily Diary","Item 5772","Question","Daily Diary",NA,"Thinking about today, I feel like I...",17,NA,NA,NA,NA,NA,"Q_6004","Multiple Slider",NA,TRUE
"Daily Diary",NA,36533,"Question 6031","Daily Diary","Item 5773","Question","Daily Diary",NA,"THINKING ABOUT TODAY, I feel like",17,NA,NA,NA,NA,NA,"Q_6031","Multiple Slider",NA,TRUE
"Daily Diary",NA,36534,"Question 6006","Daily Diary","Item 5774","Question","Daily Diary",NA,"The following questions ask you to reflect on how you felt about your relationship with your family for THE ENTIRE DAY.",6,NA,NA,NA,NA,NA,"Q_6006","Informational Fullscreen",NA,FALSE
"Daily Diary",NA,36535,"Question 6007","Daily Diary","Item 5775","Question","Daily Diary",NA,"I felt...",17,NA,NA,NA,NA,NA,"Q_6007","Multiple Slider",NA,TRUE
"Daily Diary",NA,36536,"Question 6008","Daily Diary","Item 5776","Question","Daily Diary",NA,"My family showed...",17,NA,NA,NA,NA,NA,"Q_6008","Multiple Slider",NA,TRUE
"Daily Diary",NA,36537,"Question 6009","Daily Diary","Item 5777","Question","Daily Diary",NA,"Other people in recovery showed...",17,NA,NA,NA,NA,NA,"Q_6009","Multiple Slider",NA,TRUE
"Daily Diary",NA,36538,"Question 6010","Daily Diary","Item 5778","Question","Daily Diary",NA,"When thinking about tomorrow...",6,NA,NA,NA,NA,NA,"Q_6010","Informational Fullscreen",NA,FALSE
"Daily Diary",NA,36539,"Question 6011","Daily Diary","Item 5779","Question","Daily Diary",NA,"I think tomorrow will be...",17,NA,NA,NA,NA,NA,"Q_6011","Multiple Slider",NA,TRUE
"Daily Diary",NA,36540,"Question 6012","Daily Diary","Item 5780","Question","Daily Diary",NA,"I'm worried about my ability to...",17,NA,NA,NA,NA,NA,"Q_6012","Multiple Slider",NA,TRUE
"Daily Diary",NA,36545,"Question 6032","Daily Diary","Item 5787","Question","Daily Diary",NA,"Describe what was challenging and / or good about your day and how you feel about it (about recovery or not):",11,NA,NA,NA,NA,NA,"Q_6032","Free Response","character",FALSE
"Daily Diary",NA,36546,"Question 6039","Daily Diary","Item 5792","Question","Daily Diary",NA,"Please write in other activity:",11,NA,NA,NA,NA,5734,"Q_6039","Free Response","character",FALSE
